date,camera,video_file,time,loom_no,butterfly_no,parrot_no,surg_no,chromis_pres,butterfly_fl,parrot_fl,surg_fl,chromis_fl,completion_date,completed_by,notes,roving_pres,roving_fl,fish_pres,response,,
6/11/2024,A,GX029698,00:09,1,0,0,0,y,n,n,n,n,10/1/2024,JM,,n,n,y,n,,
6/11/2024,A,GX029698,01:10,2,0,0,0,y,n,n,n,n,10/1/2024,JM,,n,n,y,n,,
6/11/2024,A,GX029698,03:12,4,0,0,1,n,n,n,n,n,10/1/2024,JM,,y,n,y,n,total looms,total responses
6/11/2024,A,GX029698,04:13,5,0,0,0,y,n,n,n,n,10/1/2024,JM,,n,n,y,n,778,33
6/11/2024,A,GX029698,05:14,6,0,0,1,y,n,n,n,n,10/1/2024,JM,fish was only partially in frame but clearly did not flee.,y,n,y,n,,
6/11/2024,A,GX029698,06:15,7,0,1,1,n,n,n,n,n,10/1/2024,JM,,y,n,y,n,,
6/11/2024,A,GX029698,07:16,8,0,1,0,n,n,n,n,n,10/1/2024,JM,,y,n,y,n,,
6/11/2024,A,GX029698,08:17,9,0,1,0,n,n,u,n,n,10/1/2024,JM,fish was only partially in frame and couldn't see if it fled,y,n,y,n,,
6/11/2024,A,GX039698,00:43,10,0,0,0,y,n,n,n,n,10/1/2024,JM,,n,n,y,n,,
6/11/2024,A,GX039698,01:44,11,0,0,0,y,n,n,n,n,10/1/2024,JM,,n,n,y,n,,
6/11/2024,A,GX039698,02:45,12,0,0,1,y,n,n,n,n,10/1/2024,JM,"surgeonfish was starting to leave fish already, but didn't respond. A few parrotfishes were peripheral to the arena but did not respond either.",y,n,y,n,,
6/11/2024,A,GX039698,03:47,13,0,0,0,y,n,n,n,n,10/1/2024,JM,,n,n,y,n,,
6/11/2024,A,GX039698,04:48,14,0,1,0,y,n,n,n,n,10/1/2024,JM,,y,n,y,n,,
6/11/2024,A,GX039698,06:49,16,0,0,1,n,n,n,n,n,10/1/2024,JM,"another surgeonfish and parrotfish came in as the stimulus was starting, none responded, including the main surgeonfish that was directly in front of the stimulus foraging on BCM. ",y,n,y,n,,
6/11/2024,A,GX039698,07:50,17,0,4,1,n,n,n,n,n,10/1/2024,JM,"a couple more parrots peripherally too (some moved in as stimulus occurred), two included probably juveniles. No responses.",y,n,y,n,,
6/11/2024,A,GX049698,00:18,18,0,2,0,n,n,n,n,n,10/1/2024,JM,"one parrot was leaving already and continued to with no obvious response, another was coming in and continued to move with no apparent response",y,n,y,n,,
6/11/2024,A,GX049698,01:19,19,0,1,0,n,n,n,n,n,10/1/2024,JM,,y,n,y,n,,
6/11/2024,A,GX049698,02:20,20,0,2,1,n,n,n,n,n,10/1/2024,JM,"another parrotfish peripheral and already leaving arena before stimulus, the other two recorded ones were at the bottom of frame and had already move out somewhat before the stimulus had fully gone. No response from the surgeonfish right in front of iPad.",y,n,y,n,,
6/11/2024,A,GX049698,03:21,21,0,2,0,n,n,n,n,n,10/1/2024,JM,"one parrotfish was already in at the beginning, and another came in before the full stimulus began playing. Neither responded. ",y,n,y,n,,
6/11/2024,A,GX049698,05:23,23,0,0,0,y,n,n,n,n,10/1/2024,JM,a parrotfish was peripheral and did not respond. ,n,n,y,n,,
6/11/2024,A,GX049698,08:26,26,0,1,0,y,n,n,n,n,10/1/2024,JM,,y,n,y,n,,
6/11/2024,A,GX059698,00:54,27,1,1,1,y,n,n,n,n,10/1/2024,JM,"the parrotfish had mostly left frame by the time the loom started to move toward them. A peripheral parrotfish did not respond either. After the loom began to get bigger, a juvenile Sp. aurofrenatum swam into the arena, also did not respond.",y,n,y,n,,
6/11/2024,A,GX059698,01:56,28,0,1,0,n,n,n,n,n,10/1/2024,JM,a surgeonfish and parrotfish were in the periphery but did not respond,y,n,y,n,,
6/11/2024,A,GX059698,02:56,29,0,1,0,y,n,u,n,n,10/1/2024,JM,"unsure if the parrotfish fled, it left frame before the loom approached it.",y,n,y,n,,
6/11/2024,A,GX059698,03:57,30,0,1,0,y,n,n,n,n,10/1/2024,JM,,y,n,y,n,,
6/11/2024,A,GX059698,04:57,31,0,0,0,y,n,n,n,n,10/1/2024,JM,,n,n,y,n,,
6/11/2024,A,GX059698,06:00,32,0,2,0,y,n,n,n,n,10/1/2024,JM,Not easy to see the start point when the dot first shows up.,y,n,y,n,,
6/11/2024,A,GX059698,07:00,33,0,0,1,y,n,n,n,n,10/1/2024,JM,Not easy to see the start point when the dot first shows up.,y,n,y,n,,
6/11/2024,A,GX069698,00:29,35,0,0,1,n,n,n,n,n,10/1/2024,JM,,y,n,y,n,,
6/11/2024,A,GX069698,01:29,36,0,5,0,n,n,y,n,n,10/1/2024,JM,"2 IP Scarus fled as they were swimming through, which caused a couple wrasses to flee. A big Scarus coeruleus did not and it was next to the responders. Two other parrotfish were in the area and did not respond either.",y,y,y,y,,
6/11/2024,A,GX069698,02:31,37,0,1,0,n,n,n,n,n,10/1/2024,JM,1 IP Scarus at very bottom of frame that did not seem to respond. 2 peripheral parrotfish that did not flee.,y,n,y,n,,
6/11/2024,A,GX069698,03:32,38,0,1,0,n,n,n,n,n,10/1/2024,JM,1 parrotfish in arena did not flee. 3 parrotfish peripheral that did not flee. A surgeonfish swam into the peripheral area as the loom occurred and didn't respond.,y,n,y,n,,
6/11/2024,A,GX069698,04:33,39,0,1,0,y,n,n,n,n,10/1/2024,JM,Parrotfish was up in the water column near the chromis. Did not respond. 2 peripheral parrotfishes and a surgeonfish that did not respond either.,y,n,y,n,,
6/11/2024,A,GX069698,05:34,40,0,2,0,y,n,n,n,n,10/1/2024,JM,Some peripheral parrotfish and surgeonfish that did not respond either. ,y,n,y,n,,
6/11/2024,A,GX069698,06:35,41,0,5,0,y,n,n,n,n,10/1/2024,JM,Another peripheral that did not respond either.,y,n,y,n,,
6/11/2024,A,GX079698,00:06,43,0,3,0,y,n,n,n,n,10/1/2024,JM,,y,n,y,n,,
6/11/2024,A,GX079698,01:06,44,0,0,0,y,n,n,n,n,10/1/2024,JM,"1 peripheral parrotfish, no response.",n,n,y,n,,
6/11/2024,A,GX079698,03:07,46,0,0,2,n,n,n,n,n,10/1/2024,JM,"2 surgeonfish from a large group that had passed prior to stimulus, neither seemed to respond as they swam by.",y,n,y,n,,
6/11/2024,A,GX079698,04:10,47,0,2,0,n,n,n,n,n,10/1/2024,JM,a surgeonfish left frame before stimulus presentation.,y,n,y,n,,
6/11/2024,A,GX079698,05:10,48,0,0,1,n,n,n,n,n,10/1/2024,JM,a parrotfish was peripheral and did not respond. ,y,n,y,n,,
6/11/2024,A,GX079698,06:10,49,0,0,1,y,n,n,n,n,10/1/2024,JM,"1 surgeon cleary in the arena, 1 surgeon and 3 parrots on the periphery, none responded.",y,n,y,n,,
6/11/2024,A,GX079698,07:11,50,0,1,0,n,n,n,n,n,10/1/2024,JM,,y,n,y,n,,
6/11/2024,A,GX079698,08:12,51,0,1,0,n,n,n,n,n,10/1/2024,JM,"1 peripheral parrotfish, no response.",y,n,y,n,,
6/11/2024,A,GX089698,00:40,52,0,1,0,n,n,n,n,n,10/1/2024,JM,the parrotfish swam in right as the loom began and passed right in front with no response.,y,n,y,n,,
6/11/2024,A,GX089698,01:42,53,0,0,0,y,n,n,n,n,10/1/2024,JM,,n,n,y,n,,
6/11/2024,A,GX089698,02:43,54,0,0,17,y,n,n,n,n,10/1/2024,JM,"17 were in the ""arena"" but there were several more present peripheral. Total group was more than 50 individuals. No responses.",y,n,y,n,,
6/11/2024,A,GX089698,03:43,55,0,1,0,y,n,n,n,n,10/1/2024,JM,1 parrotfish in arena but borderline an swimming away. Did not respond.,y,n,y,n,,
6/11/2024,A,GX089698,04:44,56,0,0,0,y,n,n,n,n,10/1/2024,JM,2 parrotfishes peripheral with no response,n,n,y,n,,
6/11/2024,A,GX089698,05:45,57,1,0,1,n,n,n,n,n,10/1/2024,JM,"3 peripheral parrotfish, no responses.",y,n,y,n,,
6/11/2024,A,GX089698,07:48,59,0,3,0,y,n,n,n,n,10/1/2024,JM,"2 more peripheral parrotfish, no responses. ",y,n,y,n,,
6/11/2024,A,GX099698,01:15,61,0,4,1,n,n,n,n,n,10/1/2024,JM,all but one of the parrotfish were leaving the frame before the stimulus really began to loom,y,n,y,n,,
6/11/2024,A,GX099698,02:17,62,0,2,1,n,n,n,n,n,10/1/2024,JM,,y,n,y,n,,
6/11/2024,A,GX099698,03:18,63,0,1,0,y,n,n,n,n,10/1/2024,JM,parrotfish was up in the water column near the chromis. Did not respond.,y,n,y,n,,
6/11/2024,A,GX099698,04:19,64,0,5,0,y,n,n,n,n,10/1/2024,JM,,y,n,y,n,,
6/11/2024,A,GX099698,05:20,65,0,1,0,y,n,n,n,n,10/1/2024,JM,,y,n,y,n,,
6/11/2024,A,GX099698,06:21,66,0,0,0,y,n,n,n,n,10/1/2024,JM,2 parrotfishes and 1 surgeonfish peripheral with no response,n,n,y,n,,
6/11/2024,A,GX099698,07:22,67,0,4,0,y,n,n,n,n,10/1/2024,JM,1 parrotfish moved into the arena as the loom began. None of them responded.,y,n,y,n,,
6/11/2024,A,GX099698,08:23,68,0,3,0,y,n,n,n,n,10/1/2024,JM,"2 of the parrotfish swam up into the water column to eat a piece of feces, right in front of the iPad. Neither seemed to pay any attention to the stimulus.",y,n,y,n,,
6/11/2024,A,GX109698,00:52,69,0,0,0,y,n,n,n,n,10/1/2024,JM,butterflyfish and parrotfish peripheral with no response,n,n,y,n,,
6/11/2024,A,GX109698,01:53,70,0,2,0,n,n,n,n,n,10/1/2024,JM,,y,n,y,n,,
6/11/2024,A,GX109698,02:54,71,0,2,0,n,n,n,n,n,10/1/2024,JM,another parrotfish peripheral and no response.,y,n,y,n,,
6/11/2024,A,GX109698,03:54,72,0,2,2,n,n,n,n,n,10/1/2024,JM,even the surgeonfish immediately next to the iPad did not respond.,y,n,y,n,,
6/11/2024,A,GX109698,04:56,73,0,1,0,n,n,n,n,n,10/1/2024,JM,another parrotfish peripheral and no response.,y,n,y,n,,
6/11/2024,A,GX109698,05:56,74,0,1,0,y,n,n,n,n,10/1/2024,JM,another parrotfish was swimming into the arena as the loom happened but did not respond (was in front of ipad too).,y,n,y,n,,
6/11/2024,A,GX109698,06:57,75,0,3,0,n,n,n,n,n,10/1/2024,JM,,y,n,y,n,,
6/11/2024,A,GX109698,07:58,76,0,4,1,y,n,n,n,n,10/1/2024,JM,"4 parrotfish were present when loom began, but one left frame before the loom fully went (not a flight though), and the others did not respond (though the closest may have flinched a little).",y,n,y,n,,
6/11/2024,A,GX119698,0:26,77,0,1,0,n,n,n,n,n,11/21/2024,KL,,y,n,y,n,,
6/11/2024,A,GX119698,1:26,78,0,3,0,n,n,n,n,n,11/21/2024,KL,One parrotfish swimming out of arena. ,y,n,y,n,,
6/11/2024,A,GX119698,2:28,79,0,1,0,n,n,n,n,n,11/21/2024,KL,,y,n,y,n,,
6/11/2024,A,GX119698,4:30,81,0,1,1,n,n,n,n,n,11/21/2024,KL,,y,n,y,n,,
6/11/2024,A,GX119698,5:30,82,0,1,0,n,n,n,n,n,11/21/2024,KL,Parrotfish swimming into arena.,y,n,y,n,,
6/11,A,GX119698,7:31,84,0,1,0,y,n,n,n,n,11/21/2024,KL,,y,n,y,n,,
6/11/2024,A,GX129698,0:01,85,0,1,0,n,n,n,n,n,11/23/2024,KL,,y,n,y,n,,
6/11/2024,A,GX129698,1:02,86,0,1,1,n,n,n,n,n,11/23/2024,KL,,y,n,y,n,,
6/11/2024,A,GX129698,2:02,87,0,1,0,n,n,n,n,n,11/23/2024,KL,Parrotfish swimming out of arena.,y,n,y,n,,
6/11/2024,A,GX129698,5:06,90,0,1,0,n,n,n,n,n,11/23/2024,KL,,y,n,y,n,,
6/11/2024,A,GX129698,7:07,92,0,2,1,n,n,n,n,n,11/23/2024,KL,Surgeonfish swimming out of arena.,y,n,y,n,,
6/11/2024,A,GX139698,0:36,94,1,2,1,n,n,n,n,n,11/23/2024,KL,,y,n,y,n,,
6/11/2024,A,GX139698,4:40,98,0,1,2,n,n,n,n,n,11/23/2024,KL,One surgeonfish swimming out of frame. ,y,n,y,n,,
6/11/2024,A,GX139698,5:40,99,0,2,0,y,n,n,n,n,11/23/2024,KL,One parrotfish swimming out of arena. ,y,n,y,n,,
6/11/2024,A,GX139698,6:42,100,0,1,0,n,n,n,n,n,11/23/2024,KL,Parrotfish on peripheral of arena.,y,n,y,n,,
6/11/2024,A,GX149698,0:12,102,0,1,0,n,n,n,n,n,11/23/2024,KL,,y,n,y,n,,
6/11/2024,A,GX149698,1:12,103,0,0,1,n,n,n,n,n,11/23/2024,KL,,y,n,y,n,,
6/11/2024,A,GX149698,2:14,104,0,1,0,n,n,n,n,n,11/23/2024,KL,,y,n,y,n,,
6/11/2024,A,GX149698,3:14,105,0,0,1,n,n,n,n,n,11/23/2024,KL,,y,n,y,n,,
6/11/2024,A,GX149698,5:16,107,0,1,0,n,n,n,n,n,11/23/2024,KL,Parrotfish swimming out of frame. ,y,n,y,n,,
6/11/2024,A,GX149698,7:18,109,0,2,0,n,n,n,n,n,11/23/2024,KL,Parrotfish on peripheral of arena. ,y,n,y,n,,
6/11/2024,A,GX159698,0:46,111,0,0,1,n,n,n,n,n,11/23/2024,KL,,y,n,y,n,,
6/11/2024,A,GX159698,2:50,113,0,1,0,n,n,n,n,n,11/23/2024,KL,Fish in front of camera make it hard to tell when stimulus appears on iPad. ,y,n,y,n,,
6/11/2024,A,GX159698,5:52,116,0,1,0,n,n,n,n,n,11/23/2024,KL,,y,n,y,n,,
6/11/2024,A,GX169698,0:22,119,0,1,0,n,n,n,n,n,11/23/2024,KL,,y,n,y,n,,
6/11/2024,A,GX169698,3:24,122,0,2,0,y,n,n,n,n,11/23/2024,KL,,y,n,y,n,,
6/11/2024,A,GX169698,4:27,123,0,1,0,y,n,n,n,n,11/23/2024,KL,Double check if chromis are reacting. ,y,n,y,n,,
6/11/2024,A,GX169698,5:27,124,0,1,1,n,n,n,n,n,11/23/2024,KL,Surgeonfish swimming out of frame.,y,n,y,n,,
6/11/2024,A,GX169698,7:29,126,0,1,0,n,n,n,n,n,11/23/2024,KL,,y,n,y,n,,
6/11/2024,A,GX169698,8:29,127,0,1,1,y,n,n,n,n,11/23/2024,KL,Stimulus doesn't finish looming until the next video. Parrotfish on peripheral of arena.,y,n,y,n,,
6/11/2024,A,GX179698,3:00,130,0,1,0,n,n,n,n,n,11/24/2024,KL,,y,n,y,n,,
6/11/2024,A,GX179698,6:02,133,0,4,1,n,n,n,n,n,11/24/2024,KL,,y,n,y,n,,
6/11/2024,A,GX179698,7:04,134,0,2,1,y,n,n,n,n,11/24/2024,KL,"Chromis seem to react to something before stimulus looms, could affect their reaction to stimulus.",y,n,y,n,,
6/11/1024,A,GX179698,8:04,135,0,0,1,n,n,n,n,n,11/24/2024,KL,,y,n,y,n,,
6/11/2024,A,GX189698,0:33,136,0,1,2,n,n,n,n,n,11/24/2024,KL,,y,n,y,n,,
6/11/2024,A,GX189698,1:33,137,0,1,0,n,n,n,n,n,11/24/2024,KL,,y,n,y,n,,
6/11/2024,A,GX189698,2:36,138,0,0,0,y,n,n,n,n,11/24/2024,KL,,n,n,y,n,,
6/11/2024,A,GX189698,3:36,139,2,0,1,n,n,n,n,n,11/24/2024,KL,Butterfly fish are swimming into the arena as stimulus looms. ,y,n,y,n,,
6/11/2024,A,GX189698,4:36,140,0,0,1,n,n,n,n,n,11/24/2024,KL,,y,n,y,n,,
6/11/2024,A,GX189698,5:38,141,1,1,0,n,n,n,n,n,11/24/2024,KL,,y,n,y,n,,
6/11/2024,A,GX189698,6:38,142,0,1,0,n,n,n,n,n,11/24/2024,KL,,y,n,y,n,,
6/11/2024,A,GX199698,0:07,144,0,1,0,n,n,n,n,n,11/24/2024,KL,,y,n,y,n,,
6/11/2024,A,GX199698,1:08,145,0,0,1,n,n,n,n,n,11/24/2024,KL,,y,n,y,n,,
6/11/2024,A,GX199698,3:09,147,0,1,0,n,n,n,n,n,11/24/2024,KL,Parrotfish swimming out of frame.,y,n,y,n,,
6/11/2024,A,GX199698,4:11,148,0,0,1,n,n,n,n,n,11/24/2024,KL,,y,n,y,n,,
6/11/2024,A,GX199698,8:15,152,0,2,1,n,n,n,n,n,11/24/2024,KL,,y,n,y,n,,
6/11/2024,A,GX209698,1:42,154,0,1,0,n,n,n,n,n,11/24/2024,KL,,y,n,y,n,,
6/11/2024,A,GX209698,2:45,155,0,0,2,y,n,n,n,n,11/24/2024,KL,Chromis seem to be reacting to something else before stimulus looms.,y,n,y,n,,
6/11/2024,A,GX209698,3:45,156,0,0,1,n,n,n,n,n,11/24/2024,KL,,y,n,y,n,,
6/11/2024,A,GX209698,5:49,158,0,1,1,n,n,n,n,n,11/24/2024,KL,,y,n,y,n,,
6/11/2024,A,GX209698,7:50,160,0,1,0,y,n,n,n,n,11/24/2024,KL,,y,n,y,n,,
6/11/2024,A,GX219698,0:17,161,0,1,0,n,n,n,n,n,12/03/2024,KL,Damselfish possibly reacts.,y,n,y,n,,
6/11/2024,A,GX219698,1:19,162,0,0,0,y,n,n,n,n,12/03/2024,KL,,n,n,y,n,,
6/11/2024,A,GX219698,2:20,163,0,1,0,y,n,n,n,n,12/03/2024,KL,Parrotfish swimming out of arena.,y,n,y,n,,
6/11/2024,A,GX219698,4:22,165,0,0,1,y,n,n,n,y,12/03/2024,KL,,y,n,y,y,,
6/11/2024,A,GX219698,6:24,167,0,0,0,y,n,n,n,n,12/03/2024,KL,,n,n,y,n,,
6/11/2024,A,GX219698,7:24,168,1,1,0,y,n,n,n,n,12/03/2024,KL,,y,n,y,n,,
6/11/2024,A,GX229698,0:54,170,0,1,1,n,n,n,n,n,12/05/2024,KL,,y,n,y,n,,
6/11/2024,A,GX229698,1:54,171,0,0,1,n,n,n,n,n,12/05/2024,KL,Surgeonfish swimming out of frame.,y,n,y,n,,
6/11/2024,A,GX229698,2:56,172,0,0,1,y,n,n,n,n,12/05/2024,KL,,y,n,y,n,,
6/11/2024,A,GX229698,5:58,175,0,0,0,y,n,n,n,n,12/05/2024,KL,,n,n,y,n,,
6/11/2024,A,GX229698,7:00,176,0,0,1,y,n,n,n,n,12/05/2024,KL,Surgeonfish swimming out of frame. ,y,n,y,n,,
6/11/2024,A,GX229698,8:00,177,0,0,1,n,n,n,n,n,12/05/2024,KL,Surgeonfish swimming out of frame. ,y,n,y,n,,
6/11/2024,A,GX239698,0:29,178,0,0,1,n,n,n,n,n,12/05/2024,KL,,y,n,y,n,,
6/11/2024,A,GX239698,2:31,180,0,0,2,n,n,n,n,n,12/05/2024,KL,,y,n,y,n,,
6/11/2024,A,GX239698,3:31,181,0,0,1,y,n,n,n,n,12/05/2024,KL,,y,n,y,n,,
6/11/2024,A,GX239698,4:32,182,0,0,1,y,n,n,n,n,12/05/2024,KL,,y,n,y,n,,
6/11/2024,A,GX239698,5:33,183,0,0,1,n,n,n,n,n,12/05/2024,KL,,y,n,y,n,,
6/11/2024,A,GX239698,6:33,184,0,0,0,y,n,n,n,n,12/05/2024,KL,Chromis swimming out of frame. ,n,n,y,n,,
6/11/2024,A,GX239698,7:35,185,0,0,1,n,n,n,n,n,12/05/2024,KL,,y,n,y,n,,
6/11/2024,A,GX249698,0:04,186,0,0,0,y,n,n,n,n,12/05/2024,KL,,n,n,y,n,,
6/11/2024,A,GX249698,1:04,187,0,0,0,y,n,n,n,n,12/05/2024,KL,,n,n,y,n,,
6/11/2024,A,GX249698,2:05,188,0,0,1,n,n,n,n,n,12/05/2024,KL,,y,n,y,n,,
6/11/2024,A,GX249698,4:07,190,0,1,1,n,n,n,n,n,12/05/2024,KL,Parrotfish swimming out of frame. ,y,n,y,n,,
6/11/2024,A,GX249698,7:10,193,0,1,1,y,n,n,n,n,12/05/2024,KL,,y,n,y,n,,
6/11/2024,A,GX259698,0:39,195,0,0,1,y,n,n,n,n,12/05/2024,KL,,y,n,y,n,,
6/11/2024,A,GX259698,1:40,196,0,0,1,n,n,n,n,n,12/05/2024,KL,,y,n,y,n,,
6/11/2024,A,GX259698,2:40,197,0,0,1,n,n,n,n,n,12/05/2024,KL,,y,n,y,n,,
6/11/2024,A,GX259698,3:42,198,0,0,1,y,n,n,n,n,12/05/2024,KL,,y,n,y,n,,
6/11/2024,A,GX259698,5:43,200,0,0,0,y,n,n,n,n,12/05/2024,KL,,n,n,y,n,,
6/11/2024,A,GX259698,7:45,202,0,0,0,y,n,n,n,n,12/05/2024,KL,,n,n,y,n,,
6/11/2024,A,GX269698,0:15,203,0,1,0,y,n,n,n,n,12/06/2024,KL,,y,n,y,n,,
6/11/2024,A,GX269698,1:15,204,0,1,0,n,n,n,n,n,12/06/2024,KL,,y,n,y,n,,
6/11/2024,A,GX269698,2:16,205,0,0,0,y,n,n,n,n,12/06/2024,KL,,n,n,y,n,,
6/11/2024,A,GX269698,3:17,206,0,0,1,y,n,n,n,n,12/06/2024,KL,,y,n,y,n,,
6/11/2024,A,GX269698,4:18,207,0,0,1,n,n,n,n,n,12/06/2024,KL,,y,n,y,n,,
6/11/2024,A,GX269698,6:19,209,0,0,0,y,n,n,n,n,12/06/2024,KL,,n,n,y,n,,
6/11/2024,A,GX269698,8:22,211,0,0,1,n,n,n,n,n,12/06/2024,KL,Surgeonfish on edge of frame. ,y,n,y,n,,
6/11/2024,A,GX279698,2:52,214,1,0,1,n,n,n,n,n,12/06/2024,KL,,y,n,y,n,,
6/11/2024,A,GX279698,3:52,215,0,0,0,y,n,n,n,n,12/06/2024,KL,,n,n,y,n,,
6/11/2024,A,GX279698,6:55,218,0,2,0,n,n,n,n,n,12/06/2024,KL,,y,n,y,n,,
6/11/2024,A,GX289698,0:25,220,0,1,1,n,n,n,n,n,12/06/2024,KL,Parrotfish swimming out of frame.,y,n,y,n,,
6/11/2024,A,GX289698,1:25,221,0,1,2,n,n,n,n,n,12/06/2024,KL,,y,n,y,n,,
6/11/2024,A,GX289698,2:27,222,0,1,2,y,n,n,n,n,12/06/2024,KL,,y,n,y,n,,
6/11/2024,A,GX289698,3:27,223,0,2,0,n,n,n,n,n,12/06/2024,KL,,y,n,y,n,,
6/11/2024,A,GX289698,4:29,224,0,1,0,n,n,n,n,n,12/06/2024,KL,,y,n,y,n,,
6/11/2024,A,GX289698,5:29,225,0,1,0,n,n,n,n,n,12/06/2024,KL,,y,n,y,n,,
6/11/2024,A,GX289698,7:31,227,0,1,1,n,n,n,n,n,12/06/2024,KL,,y,n,y,n,,
6/11/2024,A,GX299698,1:01,229,0,1,0,n,n,n,n,n,12/06/2024,KL,,y,n,y,n,,
6/11/2024,A,GX299698,2:02,230,0,0,1,n,n,n,n,n,12/06/2024,KL,Damselfish reacts to stimulus.,y,n,y,n,,
6/11/2024,A,GX299698,5:04,233,0,0,3,n,n,n,n,n,12/06/2024,KL,Surgeonfish swimming out of arena. ,y,n,y,n,,
6/11/2024,A,GX299698,6:05,234,0,0,2,n,n,n,n,n,12/06/2024,KL,,y,n,y,n,,
6/11/2024,A,GX299698,7:05,235,0,1,0,n,n,n,n,n,12/06/2024,KL,,y,n,y,n,,
6/11/2024,A,GX309698,1:37,238,0,1,1,n,n,n,n,n,12/06/2024,KL,,y,n,y,n,,
6/11/2024,A,GX309698,3:37,240,0,0,1,n,n,n,n,n,12/06/2024,KL,,y,n,y,n,,
6/11/2024,A,GX309698,4:38,241,0,0,1,n,n,n,n,n,12/06/2024,KL,,y,n,y,n,,
6/11/2024,A,GX309698,5:40,242,0,1,1,n,n,n,n,n,12/06/2024,KL,,y,n,y,n,,
6/11/2024,A,GX309698,6:41,243,0,1,0,y,n,n,n,n,12/06/2024,KL,,y,n,y,n,,
6/11/2024,A,GX309698,7:42,244,0,1,1,n,n,n,n,n,12/06/2024,KL,Parrotfish swimming out of arena. ,y,n,y,n,,
6/11/2024,A,GX319698,0:10,245,0,0,1,n,n,n,n,n,12/06/2024,KL,,y,n,y,n,,
6/11/2024,A,GX319698,3:13,248,0,0,0,y,n,n,n,n,12/07/2024,KL,,n,n,y,n,,
6/11/2024,A,GX319698,5:15,250,0,0,0,y,n,n,n,n,12/07/2024,KL,,n,n,y,n,,
6/11/2024,A,GX319698,6:15,251,0,0,0,y,n,n,n,n,12/07/2024,KL,,n,n,y,n,,
6/11/2024,A,GX319698,7:17,252,0,1,0,n,n,n,n,n,12/07/2024,KL,,y,n,y,n,,
6/11/2024,A,GX329698,0:46,254,0,0,0,y,n,n,n,n,12/07/2024,KL,,n,n,y,n,,
6/11/2024,A,GX329698,2:47,256,0,1,0,y,n,n,n,n,12/07/2024,KL,,y,n,y,n,,
6/11/2024,A,GX329698,4:50,258,0,0,0,y,n,n,n,n,12/07/2024,Kl,,n,n,y,n,,
6/11/2024,A,GX329698,5:51,259,0,0,1,n,n,n,n,n,12/07/2024,KL,,y,n,y,n,,
6/11/2024,A,GX329698,7:53,261,0,0,0,y,n,n,n,n,12/07/2024,KL,,n,n,y,n,,
6/11/2024,A,GX339698,0:21,262,0,0,0,y,n,n,n,n,12/07/2024,KL,,n,n,y,n,,
6/11/2024,A,GX339698,1:22,263,0,0,0,y,n,n,n,n,12/07/2024,KL,,n,n,y,n,,
6/11/2024,A,GX339698,2:23,264,0,0,1,n,n,n,n,n,12/07/2024,KL,,y,n,y,n,,
6/11/2024,A,GX339698,5:25,267,0,1,1,y,n ,n,n,n,12/07/2024,KL,,y,n,y,n,,
6/11/2024,A,GX349698,1:58,272,0,0,0,y,n,n,n,n,12/07/2024,KL,,n,n,y,n,,
6/11/2024,A,GX349698,4:00,274,0,0,0,y,n,n,n,n,12/07/2024,KL,,n,n,y,n,,
6/11/2024,A,GX359698,1:33,280,0,1,0,n,n,n,n,n,12/08/2024,KL,Damselfish chases parrotfish out of arena. ,y,n,y,n,,
6/11/2024,A,GX359698,3:34,282,0,0,0,y,n,n,n,n,12/08/2024,KL,,n,n,y,n,,
6/11/2024,A,GX369698,0:07,287,0,1,0,y,n,y,n,y,12/08/2024,KL,,y,y,y,y,,
6/11/2024,A,GX369698,2:08,289,0,0,0,y,n,n,n,n,12/08/2024,KL,,n,n,y,n,,
6/11/2024,A,GX369698,3:09,290,0,0,0,y,n,n,n,n,12/08/2024,KL,,n,n,y,n,,
6/11/2024,A,GX369698,5:11,292,0,1,0,y,n,n,n,n,12/08/2024,KL,,y,n,y,n,,
6/11/2024,A,GX369698,7:13,294,0,0,0,y,n,n,n,n,12/08/2024,KL,,n,n,y,n,,
6/11/2024,A,GX379698,0:42,296,0,0,0,y,n,n,n,n,12/08/2024,KL,,n,n,y,n,,
6/11/2024,A,GX379698,1:43,297,0,0,1,y,n,n,n,n,12/08/2024,KL,Surgeonfish swimming out of arena.,y,n,y,n,,
6/11/2024,A,GX379698,2:44,298,0,1,0,y,n,n,n,n,12/08/2024,KL,,y,n,y,n,,
6/11/2024,A,GX379698,4:46,300,0,1,0,n,n,n,n,n,12/08/2024,KL,,y,n,y,n,,
6/11/2024,A,GX379698,5:47,301,0,1,0,n,n,n,n,n,12/08/2024,KL,,y,n,y,n,,
6/11/2024,A,GX379698,6:48,302,0,3,2,n,n,n,n,n,12/08/2024,KL,,y,n,y,n,,
6/11/2024,A,GX389698,1:18,305,0,1,1,n,n,n,n,n,12/08/2024,KL,Parrotfish swimming out of frame. ,y,n,y,n,,
6/11/2024,A,GX389698,2:19,306,0,2,1,n,n,n,n,n,12/08/2024,KL,,y,n,y,n,,
6/11/2024,A,GX389698,5:22,309,0,0,0,y,n,n,n,n,12/08/2024,KL,,n,n,y,n,,
6/11/2024,A,GX389698,6:22,310,0,0,0,y,n,n,n,n,12/08/2024,KL,,n,n,y,n,,
6/11/2024,A,GX389698,8:25,312,0,0,0,y,n,n,n,n,12/08/2024,KL,,n,n,y,n,,
6/11/2024,A,GX399698,3:56,316,0,1,0,n,n,y,n,n,12/08/2024,KL,,y,y,y,y,,
6/11/2024,A,GX399698,5:58,318,0,0,2,n,n,n,n,n,12/08/2024,KL,One surgeonfish swimming out of frame. ,y,n,y,n,,
6/11/2024,A,GX399698,6:58,319,0,1,1,n,n,n,n,n,12/08/2024,KL,,y,n,y,n,,
6/11/2024,A,GX409698,0:28,321,0,2,1,n,n,n,n,n,12/08/2024,KL,,y,n,y,n,,
6/11/2024,A,GX409698,2:30,323,0,0,0,y,n,n,n,n,12/08/2024,KL,,n,n,y,n,,
6/11/2024,A,GX409698,5:32,326,0,2,0,n,n,n,n,n,12/08/2024,KL,,y,n,y,n,,
6/11/2024,A,GX409698,6:33,327,0,1,0,n,n,n,n,n,12/08/2024,KL,Parrotfish swimming out of frame. ,y,n,y,n,,
6/11/2024,A,GX409698,7:35,328,0,1,1,n,n,n,n,n,12/08/2024,KL,,y,n,y,n,,
6/11/2024,A,GX419698,0:03,329,2,1,0,n,n,n,n,n,12/08/2024,KL,One parrotfish and one butterfly fish swimming out of frame. ,y,n,y,n,,
6/11/2024,A,GX419698,6:09,335,0,0,0,y,n,n,n,n,12/08/2024,KL,,n,n,y,n,,
6/11/2024,A,GX429698,7:47,345,0,2,0,n,n,n,n,n,12/08/2024,KL,,y,n,y,n,,
6/11/2024,A,GX439698,0:15,346,0,0,4,n,n,n,n,n,12/08/2024,KL,,y,n,y,n,,
6/11/2024,A,GX439698,1:16,347,0,0,1,n,n,n,n,n,12/08/2024,KL,,y,n,y,n,,
6/11/2024,A,GX439698,3:18,349,0,1,1,n,n,n,n,n,12/08/2024,KL,,y,n,y,n,,
6/11/2024,A,GX439698,5:20,351,0,0,0,y,n,n,n,n,12/08/2024,KL,,n,n,y,n,,
6/11/2024,A,GX439698,8:23,354,0,0,0,y,n,n,n,n,12/08/2024,KL,,n,n,y,n,,
6/11/2024,A,GX449698,2:54,358,0,0,1,n,n,n,n,n,12/08/2024,KL,Surgeonfish swimming out of arena.,y,n,y,n,,
6/11/2024,A,GX459698,1:29,365,0,0,0,y,n,n,n,n,12/08/2024,KL,,n,n,y,n,,
6/11/2024,A,GX469698,5:08,377,0,1,0,n,n,n,n,n,12/08/2024,KL,,y,n,y,n,,
6/11/2024,A,GX469698,6:09,378,0,2,0,n,n,n,n,n,12/08/2024,KL,Parrotfish swimming out of arena. ,y,n,y,n,,
6/11/2024,A,GX479698,2:41,383,0,1,0,n,n,n,n,n,12/08/2024,KL,Parrotfish swimming out of arena. ,y,n,y,n,,
6/11/2024,A,GX479698,3:43,384,0,1,0,n,n,n,n,n,12/08/2024,KL,Parrotfish swimming out of arena. ,y,n,y,n,,
6/11/2024,A,GX489698,1:16,390,0,1,0,n,n,n,n,n,12/08/2024,KL,,y,n,y,n,,
6/11/2024,A,GX489698,2:17,391,1,1,0,y,n,n,n,n,12/08/2024,KL,,y,n,y,n,,
6/7/2024,A,GX019655,02:42,1,0,1,0,n,n,n,n,n,10/1/2024,JM,"the parrotfish did not initiate flight, but the bicolor damselfish did. ",y,n,y,n,,
6/7/2024,A,GX019655,03:43,2,0,2,0,n,n,n,n,n,10/1/2024,JM,"2 parrotfish in the arena, 3 peripheral, no responses",y,n,y,n,,
6/7/2024,A,GX019655,04:44,3,0,3,0,n,n,n,n,n,10/1/2024,JM,,y,n,y,n,,
6/7/2024,A,GX019655,05:45,4,0,3,0,n,n,n,n,n,10/1/2024,JM,,y,n,y,n,,
6/7/2024,A,GX019655,06:46,5,0,3,0,y,n,n,n,y,10/1/2024,JM,"the parrotfish did not initiate flight, but the chromis and bicolors did and the parrotfish stopped foraging and began to move away/became vigilant. ",y,n,y,y,,
6/7/2024,A,GX019655,07:47,6,0,3,0,y,n,y,n,y,10/1/2024,JM,all 3 parrotfish showed flight response (one pooped) as did the chromis. Parrotfish were closer this time.,y,y,y,y,,
6/7/2024,A,GX029655,04:19,11,0,3,0,n,n,n,n,n,10/1/2024,JM,"all close to the ipad, but no responses",y,n,y,n,,
6/7/2024,A,GX029655,05:19,12,0,0,0,y,n,n,n,n,10/1/2024,JM,,n,n,y,n,,
6/7/2024,A,GX029655,07:21,14,0,2,0,n,n,n,n,n,10/1/2024,JM,,y,n,y,n,,
6/7/2024,A,GX029655,08:22,15,0,2,0,n,n,n,n,n,10/1/2024,JM,"2 peripheral parrotfish, no response",y,n,y,n,,
6/7/2024,A,GX039655,01:52,17,0,1,0,y,n,n,n,y,10/1/2024,JM,"1 peripheral parrotfish, no response",y,n,y,y,,
6/7/2024,A,GX039655,02:52,18,0,1,0,y,n,n,n,y,10/1/2024,JM,"1 peripheral parrotfish, no response",y,n,y,y,,
6/7/2024,A,GX039655,03:54,19,0,1,0,y,n,n,n,y,10/1/2024,JM,"2 peripheral parrotfish, no response",y,n,y,y,,
6/7/2024,A,GX039655,04:54,20,0,2,0,y,n,n,n,y,10/1/2024,JM,"chromis response was not as strong, but did seem like a couple may have responded",y,n,y,y,,
6/7/2024,A,GX039655,05:55,21,0,5,0,y,n,y,n,n,10/1/2024,JM,1 small parrotfish (juv) nearer to the ipad fled,y,y,y,y,,
6/7/2024,A,GX039655,06:56,22,0,1,0,y,n,n,n,n,10/1/2024,JM,"some parrotfish peripheral, but no responses",y,n,y,n,,
6/7/2024,A,GX039655,07:57,23,0,0,1,y,n,n,n,n,10/1/2024,JM,"3 peripheral parrotfish, no response",y,n,y,n,,
6/7/2024,A,GX049655,00:25,24,0,0,0,y,n,n,n,n,10/1/2024,JM,1 parrotfish was initially in the arena but was out of frame before stimulus was presented,n,n,y,n,,
6/7/2024,A,GX049655,01:26,25,0,0,0,y,n,n,n,n,10/1/2024,JM,,n,n,y,n,,
6/7/2024,A,GX049655,03:28,27,0,1,0,n,n,n,n,n,10/1/2024,JM,,y,n,y,n,,
6/7/2024,A,GX049655,04:29,28,0,0,0,y,n,n,n,n,10/1/2024,JM,,n,n,y,n,,
6/7/2024,A,GX049655,05:30,29,0,0,0,y,n,n,n,n,10/1/2024,JM,"the chromis did not seem to flee, but were moving together probably from a jack that had appeared",n,n,y,n,,
6/7/2024,A,GX049655,06:31,30,0,1,0,y,n,n,n,n,10/1/2024,JM,"1 peripheral parrotfish, no response",y,n,y,n,,
6/7/2024,A,GX049655,07:32,31,0,1,0,y,n,n,n,n,10/1/2024,JM,,y,n,y,n,,
6/7/2024,A,GX059655,01:01,33,0,0,0,y,n,n,n,n,10/1/2024,JM,,n,n,y,n,,
6/7/2024,A,GX059655,02:02,34,0,1,0,y,n,n,n,n,10/1/2024,JM,,y,n,y,n,,
6/7/2024,A,GX059655,05:05,37,0,0,0,y,n,n,n,n,10/1/2024,JM,,n,n,y,n,,
6/7/2024,A,GX059655,07:07,39,0,1,0,n,n,n,n,n,10/1/2024,JM,another parrotfish appeared and was fighting with the one that was already in the arena,y,n,y,n,,
6/7/2024,A,GX059655,08:08,40,0,0,0,y,n,n,n,n,10/1/2024,JM,,n,n,y,n,,
6/7/2024,A,GX069655,03:39,44,0,4,0,y,n,n,n,n,10/1/2024,JM,,y,n,y,n,,
6/7/2024,A,GX069655,04:40,45,0,0,0,y,n,n,n,n,10/1/2024,JM,,n,n,y,n,,
6/7/2024,A,GX069655,05:40,46,0,0,0,y,n,n,n,n,10/1/2024,JM,,n,n,y,n,,
6/7/2024,A,GX069655,06:42,47,0,4,0,y,n,n,n,n,10/1/2024,JM,2 of the parrotfish came in as the loom was beginning but weren't fully in the arena when the dot first appeared. ,y,n,y,n,,
6/7/2024,A,GX069655,07:42,48,0,2,0,n,n,n,n,n,10/1/2024,JM,,y,n,y,n,,
6/7/2024,A,GX079655,00:11,49,0,1,0,y,n,n,n,n,10/1/2024,JM,,y,n,y,n,,
6/7/2024,A,GX079655,01:12,50,0,1,0,y,n,n,n,n,10/1/2024,JM,,y,n,y,n,,
6/7/2024,A,GX079655,02:13,51,0,1,0,y,n,n,n,n,10/1/2024,JM,,y,n,y,n,,
6/7/2024,A,GX079655,03:13,52,0,1,0,n,n,n,n,n,10/1/2024,JM,,y,n,y,n,,
6/7/2024,A,GX079655,04:15,53,0,4,0,n,n,n,n,n,10/1/2024,JM,"1 arena parrotfish was occluded when stimulus went, but did not appear to respond. 1 peripheral parrotfish, no response.",y,n,y,n,,
6/7/2024,A,GX079655,05:15,54,0,1,0,y,n,n,n,n,10/1/2024,JM,"1 peripheral parrotfish, no response",y,n,y,n,,
6/7/2024,A,GX079655,06:16,55,0,1,0,y,n,n,n,n,10/1/2024,JM,,y,n,y,n,,
6/7/2024,A,GX089655,01:47,59,0,1,0,n,n,n,n,n,10/1/2024,JM,"3 peripheral parrotfish, no response",y,n,y,n,,
6/7/2024,A,GX089655,03:49,61,0,0,0,y,n,n,n,n,10/1/2024,JM,not sure if the chromis responded to the loom or not. It was a pretty weak response if it was.,n,n,y,n,,
6/7/2024,A,GX089655,04:50,62,0,3,0,n,n,n,n,n,10/1/2024,JM,,y,n,y,n,,
6/7/2024,A,GX089655,05:51,63,0,2,0,n,n,n,n,n,10/1/2024,JM,,y,n,y,n,,
6/7/2024,A,GX089655,06:52,64,0,0,0,y,n,n,n,y,10/1/2024,JM,They may have responded because there were predators nearby (jack).,n,n,y,y,,
6/7/2024,A,GX089655,07:53,65,0,0,0,y,n,n,n,n,10/1/2024,JM,,n,n,y,n,,
6/7/2024,A,GX099655,0:21,66,0,3,0,y,n,n,n,n,10/24/2024,KL,,y,n,y,n,,
6/7/2024,A,GX099655,1:22,67,0,1,0,n,n,n,n,n,10/24/2024,KL,Parrotfish on the edge of the arena ,y,n,y,n,,
6/7/2024,A,GX099655,2:23,68,0,0,0,y,n,n,n,n,10/24/2024,KL,,n,n,y,n,,
6/7/2024,A,GX099655,3:23,69,0,3,0,n,n,n,n,n,10/24/2024,KL,,y,n,y,n,,
6/7/2024,A,GX099655,4:24,70,0,0,1,n,n,n,n,n,10/24/2024,KL,,y,n,y,n,,
6/7/2024,A,GX099655,5:25,71,0,0,0,y,n,n,n,n,10/24/2024,KL,,n,n,y,n,,
6/7/2024,A,GX099655,7:27,73,0,2,0,n,n,n,n,n,10/24/2024,KL,,y,n,y,n,,
6/7/2024,A,GX109655,0:57,75,0,1,0,n,n,n,n,n,10/24/2024,KL,Parrotfish swimming out of arena,y,n,y,n,,
6/7/2024,A,GX109655,1:58,76,0,2,0,n,n,n,n,n,10/24/2024,KL,,y,n,y,n,,
6/7/2024,A,GX109655,2:59,77,0,0,1,n,n,n,n,n,10/24/2024,KL,,y,n,y,n,,
6/7/2024,A,GX109655,3:59,78,0,8,0,n,n,n,n,n,10/24/2024,KL,Parrotfish are swimming out of arena as stimulus approaches,y,n,y,n,,
6/7/2024,A,GX109655,5:01,79,0,1,0,n,n,n,n,n,10/24/2024,KL,,y,n,y,n,,
6/7/2024,A,GX109655,7:02,81,0,1,0,y,n,n,n,n,10/24/2024,KL,Parrotfish on peripheral of arena. Chromis slightly outside of arena seem to react.,y,n,y,n,,
6/7/2024,A,GX109655,8:03,82,0,0,1,n,n,n,n,n,10/24/2024,KL,Small yellowfish reacts to stimulus. Fish was far from camera so canot tell what kind of fish it is.,y,n,y,n,,
6/7/2024,A,GX119655,0:32,83,0,0,0,y,n,n,n,n,10/24/2024,KL,,n,n,y,n,,
6/7/2024,A,GX119655,1:33,84,0,2,0,n,n,n,n,n,10/24/2024,KL,,y,n,y,n,,
6/7/2024,A,GX119655,3:34,86,0,0,0,y,n,n,n,n,10/24/2024,KL,,n,n,y,n,,
6/7/2024,A,GX119655,5:35,88,0,0,0,y,n,n,n,n,10/24/2024,KL,,n,n,y,n,,
6/7/2024,A,GX119655,6:38,89,0,0,0,y,n,n,n,n,10/24/2024,KL,,n,n,y,n,,
6/7/2024,A,GX119655,7:38,90,0,1,0,y,n,n,n,n,10/24/2024,KL,,y,n,y,n,,
6/7/2024,A,GX129655,0:07,91,0,0,0,y,n,n,n,n,10/24/2024,KL,,n,n,y,n,,
6/7/2024,A,GX129655,1:07,92,0,0,1,y,n,n,n,n,10/24/2024,KL,,y,n,y,n,,
6/7/2024,A,GX129655,2:09,93,0,4,0,y,n,n,n,n,10/24/2024,KL,,y,n,y,n,,
6/7/2024,A,GX129655,3:09,94,0,4,0,n,n,n,n,n,10/24/2024,KL,,y,n,y,n,,
6/7/2024,A,GX129655,4:10,95,0,1,0,n,n,n,n,n,10/24/2024,KL,,y,n,y,n,,
6/7/2024,A,GX129655,5:10,96,0,1,0,y,n,n,n,n,10/24/2024,KL,,y,n,y,n,,
6/7/2024,A,GX129655,6:12,97,0,0,0,y,n,n,n,n,10/24/2024,KL,,n,n,y,n,,
6/7/2024,A,GX139655,0:41,100,0,0,0,y,n,n,n,n,10/25/2024,KL,,n,n,y,n,,
6/7/2024,A,GX139655,1:42,101,0,0,0,y,n,n,n,n,10/25/2024,KL,,n,n,y,n,,
6/7/2024,A,GX139655,2:43,102,0,0,0,y,n,n,n,n,10/25/2024,KL,,n,n,y,n,,
6/7/2024,A,GX139655,3:45,103,0,0,0,y,n,n,n,u,10/25/2024,KL,Chromis near iPad possibly react. Can't tell if it's a flinch or if they're just changing directions. ,n,n,y,n,,
6/7/2024,A,GX139655,4:45,104,0,0,0,y,n,n,n,n,10/25/2024,KL,,n,n,y,n,,
6/7/2024,A,GX139655,6:48,106,0,0,0,y,n,n,n,n,10/25/2024,KL,,n,n,y,n,,
6/7/2024,A,GX139655,7:48,107,0,0,0,y,n,n,n,n,10/25/2024,KL,,n,n,y,n,,
6/7/2024,A,GX149655,1:17,109,0,0,0,y,n,n,n,n,10/25/2024,KL,,n,n,y,n,,
6/7/2024,A,GX149655,2:19,110,0,0,0,y,n,n,n,n,10/25/2024,KL,,n,n,y,n,,
6/7/2024,A,GX149655,3:20,111,0,0,0,y,n,n,n,n,10/25/2024,KL,,n,n,y,n,,
6/7/2024,A,GX149655,4:21,112,0,1,0,n,n,n,n,n,10/25/2024,KL,Parrotfish on peripheral of arena. Behind coral so likely could not see stimulus.,y,n,y,n,,
6/7/2024,A,GX149655,5:21,113,0,0,0,y,n,n,n,n,10/25/2024,KL,,n,n,y,n,,
6/7/2024,A,GX149655,8:25,116,0,0,0,y,n,n,n,n,10/25/2024,KL,,n,n,y,n,,
6/7/2024,A,GX159655,0:52,117,0,0,0,y,n,n,n,u,10/25/2024,KL,Possible chromuis reaction. Hard to tell if it's reacting to stimulus or just changing directions.,n,n,y,n,,
6/7/2024,A,GX159655,2:54,119,0,0,0,y,n,n,n,n,10/25/2024,KL,,n,n,y,n,,
6/7/2024,A,GX159655,4:56,121,0,0,0,y,n,n,n,n,10/25/2024,KL,,n,n,y,n,,
6/7/2024,A,GX159655,5:57,122,0,1,0,y,n,n,n,n,10/25/2024,KL,Parrotfish swimming out of frame as stimulus enlarges.,y,n,y,n,,
6/7/2024,A,GX159655,6:59,123,0,0,0,y,n,n,n,n,10/25/2024,KL,,n,n,y,n,,
6/7/2024,A,GX169655,0:28,125,0,0,0,y,n,n,n,n,10/25/2024,KL,,n,n,y,n,,
6/7/2024,A,GX169655,2:31,127,0,0,1,y,n,n,n,n,10/25/2024,KL,Surgeonfish swimming oout of frame as stimulus looms. ,y,n,y,n,,
6/7/2024,A,GX169655,3:31,128,0,0,0,y,n,n,n,n,10/25/2024,KL,,n,n,y,n,,
6/7/2024,A,GX169655,4:31,129,0,2,0,y,n,n,n,n,10/25/2024,KL,,y,n,y,n,,
6/7/2024,A,GX169655,5:32,130,0,0,0,y,n,n,n,n,10/25/2024,KL,,n,n,y,n,,
6/7/2024,A,GX169655,6:33,131,0,1,0,n,n,n,n,n,10/25/2024,KL,Small black fish near camera seems to react to stimulus.,y,n,y,n,,
6/7/2024,A,GX179655,0:03,133,0,1,0,y,n,n,n,n,10/25/2024,KL,,y,n,y,n,,
6/7/2024,A,GX179655,1:03,134,0,1,0,y,n,n,n,n,10/25/2024,KL,,y,n,y,n,,
6/7/2024,A,GX179655,6:08,139,0,0,0,y,n,n,n,n,10/25/2024,KL,,n,n,y,n,,
6/7/2024,A,GX179655,7:08,140,0,1,0,n,n,n,n,n,10/25/2024,KL,,y,n,y,n,,
6/7/2024,A,GX179655,8:09,141,0,0,0,y,n,n,n,n,10/25/2024,KL,,n,n,y,n,,
6/7/2024,A,GX189655,0:39,142,0,0,0,y,n,n,n,n,10/26/2024,KL,,n,n,y,n,,
6/7/2024,A,GX189655,1:39,143,0,0,0,y,n,n,n,n,10/26/2024,KL,,n,n,y,n,,
6/7/2024,A,GX189655,4:41,146,0,1,0,n,n,n,n,n,10/26/2024,KL,,y,n,y,n,,
6/7/2024,A,GX189655,5:43,147,0,1,0,n,n,n,n,n,10/26/2024,KL,,y,n,y,n,,
6/7/2024,A,GX189655,6:43,148,0,1,0,n,n,n,n,n,10/26/2024,KL,,y,n,y,n,,
6/7/2024,A,GX199655,0:12,150,0,1,0,n,n,n,n,n,10/26/2024,KL,Parrotfish on peripheral of arena.,y,n,y,n,,
6/7/2024,A,GX199655,1:14,151,0,2,0,n,n,n,n,n,10/26/2024,KL,,y,n,y,n,,
6/7/2024,A,GX199655,3:16,153,0,0,0,y,n,n,n,n,10/26/2024,KL,,n,n,y,n,,
6/7/2024,A,GX199655,4:17,154,0,0,0,y,n,n,n,n,10/26/2024,KL,,n,n,y,n,,
6/7/2024,A,GX199655,8:21,158,0,1,0,y,n,n,n,n,10/26/2024,KL,,y,n,y,n,,
6/7/2024,A,GX209655,0:48,159,0,0,0,y,n,n,n,n,10/26/2024,KL,,n,n,y,n,,
6/7/2024,A,GX209655,2:50,161,0,1,0,y,n,n,n,n,10/26/2024,KL,,y,n,y,n,,
6/7/2024,A,GX209655,4:52,163,0,1,0,n,n,n,n,n,10/26/2024,KL,,y,n,y,n,,
6/7/2024,A,GX209655,7:55,166,0,0,0,y,n,n,n,n,10/26/2024,KL,,n,n,y,n,,
6/7/2024,A,GX219655,0:24,167,0,1,1,y,n,n,n,n,10/26/2024,KL,,y,n,y,n,,
6/7/2024,A,GX219655,1:24,168,0,2,0,n,n,n,n,n,10/26/2024,KL,,y,n,y,n,,
6/7/2024,A,GX219655,3:26,170,0,1,0,n,n,n,n,n,10/26/2024,KL,,y,n,y,n,,
6/7/2024,A,GX219655,7:30,174,0,1,0,n,n,n,n,n,10/26/2024,KL,Parrotfish chased out of frame as stimulus looms.,y,n,y,n,,
6/7/2024,A,GX229655,1:00,176,0,0,1,n,n,n,n,n,10/26/2024,KL,,y,n,y,n,,
6/7/2024,A,GX229655,4:02,179,0,1,0,n,n,n,n,n,10/26/2024,KL,,y,n,y,n,,
6/7/2024,A,GX229655,5:02,180,0,2,0,y,n,n,n,n,10/26/2024,KL,,y,n,y,n,,
6/7/2024,A,GX229655,6:04,181,0,2,0,n,n,n,n,n,10/26/2024,KL,,y,n,y,n,,
6/7/2024,A,GX229655,8:06,183,2,2,0,y,n,n,n,n,10/26/2024,KL,,y,n,y,n,,
6/7/2024,A,GX239655,1:35,185,0,1,0,n,n,n,n,n,11/1/2024,KL,Bar jack exhibits weird behavior. Doesn't seem like flight behavior but not completely sure.,y,n,y,n,,
6/7/2024,A,GX239655,4:38,188,0,0,0,y,n,n,n,n,11/1/2024,KL,,n,n,y,n,,
6/7/2024,A,GX239655,5:39,189,0,0,0,y,n,n,n,n,11/1/2024,KL,,n,n,y,n,,
6/7/2024,A,GX239655,6:39,190,0,0,0,y,n,n,n,n,11/1/2024,KL,,n,n,y,n,,
6/7/2024,A,GX239655,7:40,191,0,0,0,y,n,n,n,n,11/1/2024,KL,,n,n,y,n,,
6/7/2024,A,GX249655,1:09,193,0,0,1,n,n,n,n,n,11/1/2024,KL,,y,n,y,n,,
6/7/2024,A,GX249655,2:11,194,0,0,0,y,n,n,n,n,11/1/2024,KL,,n,n,y,n,,
6/7/2024,A,GX249655,5:13,197,0,1,0,n,n,n,n,n,11/1/2024,KL,,y,n,y,n,,
6/7/2024,A,GX249655,6:15,198,0,1,0,n,n,n,n,n,11/1/2024,KL,,y,n,y,n,,
6/7/2024,A,GX249655,7:16,199,0,0,0,y,n,n,n,n,11/1/2024,KL,,n,n,y,n,,
6/7/2024,A,GX249655,8:16,200,0,1,0,n,n,n,n,n,11/1/2024,KL,,y,n,y,n,,
6/7/2024,A,GX259655,0:45,201,0,0,0,y,n,n,n,n,11/2/2024,KL,,n,n,y,n,,
6/7/2024,A,GX259655,2:46,203,0,0,0,y,n,n,n,n,11/2/2024,KL,,n,n,y,n,,
6/7/2024,A,GX259655,3:46,204,0,0,0,y,n,n,n,n,11/2/2024,KL,,n,n,y,n,,
6/7/2024,A,GX259655,4:49,205,0,0,0,y,n,n,n,n,11/2/2024,KL,,n,n,y,n,,
6/7/2024,A,GX259655,5:49,206,0,0,0,y,n,n,n,n,11/2/2024,KL,Fish reacted to predatory behavior that occured as stimulus approached; may have affected their reaction to stimulus. ,n,n,y,n,,
6/7/2024,A,GX269655,1:20,210,0,2,0,y,n,n,n,n,11/2/2024,KL,,y,n,y,n,,
6/7/2024,A,GX269655,3:22,212,0,1,0,n,n,n,n,n,11/2/2024,KL,,y,n,y,n,,
6/7/2024,A,GX269655,4:23,213,0,1,1,n,n,n,n,n,11/2/2024,KL,Parrotfish swimming out of frame.,y,n,y,n,,
6/7/2024,A,GX269655,6:25,215,0,0,0,y,n,n,n,n,11/2/2024,KL,,n,n,y,n,,
6/7/2024,A,GX279655,0:54,218,0,0,0,y,n,n,n,n,11/3/2024,KL,,n,n,y,n,,
6/7/2024,A,GX279655,1:56,219,0,0,0,y,n,n,n,n,11/3/2024,KL,,n,n,y,n,,
6/7/2024,A,GX279655,2:56,220,0,0,1,n,n,n,n,n,11/3/2024,KL,,y,n,y,n,,
6/7/2024,A,GX279655,4:58,222,0,0,1,n,n,n,n,n,11/3/2024,KL,,y,n,y,n,,
6/7/2024,A,GX279655,6:00,223,0,0,0,y,n,n,n,n,11/3/2024,KL,,n,n,y,n,,
6/7/2024,A,GX279655,6:59,224,0,1,0,n,n,n,n,n,11/3/2024,KL,,y,n,y,n,,
6/7/2024,A,GX279655,8:02,225,0,1,0,n,n,n,n,n,11/3/2024,KL,,y,n,y,n,,
6/7/2024,A,GX289655,2:32,228,0,1,0,y,n,n,n,n,11/3/2024,KL,,y,n,y,n,,
6/7/2024,A,GX289655,3:32,229,0,0,0,y,n,n,n,n,11/3/2024,KL,,n,n,y,n,,
6/7/2024,A,GX289655,4:33,230,0,0,0,y,n,n,n,n,11/3/2024,KL,,n,n,y,n,,
6/7/2024,A,GX289655,5:35,231,0,0,0,y,n,n,n,n,11/3/2024,KL,,n,n,y,n,,
6/7/2024,A,GX289655,7:36,233,0,0,1,n,n,n,n,n,11/3/2024,KL,,y,n,y,n,,
6/7/2024,A,GX299655,0:04,234,0,0,0,y,n,n,n,n,11/3/2024,KL,,n,n,y,n,,
6/7/2024,A,GX299655,6:10,240,0,1,0,y,n,n,n,n,11/3/2024,KL,,y,n,y,n,,
6/7/2024,A,GX299655,8:11,242,0,1,0,n,n,n,n,n,11/3/2024,KL,,y,n,y,n,,
6/7/2024,A,GX309655,1:40,244,0,1,0,n,n,n,n,n,11/3/2024,KL,Parrotfish swimming out of frame. ,y,n,y,n,,
6/7/2024,A,GX309655,3:43,246,0,1,0,n,n,n,n,n,11/3/2024,KL,,y,n,y,n,,
6/7/2024,A,GX309655,4:43,247,0,1,0,n,n,n,n,n,11/3/2024,KL,,y,n,y,n,,
6/7/2024,A,GX309655,5:45,248,0,0,0,y,n,n,n,n,11/3/2024,KL,,n,n,y,n,,
6/7/2024,A,GX309655,6:45,249,0,1,0,n,n,n,n,n,11/3/2024,KL,,y,n,y,n,,
6/7/2024,A,GX309655,7:47,250,0,2,0,n,n,n,n,n,11/3/2024,KL,,y,n,y,n,,
6/7/2024,A,GX319655,0:15,251,0,3,0,n,n,n,n,n,11/10/2024,KL,One parrotfish swimming into arena.,y,n,y,n,,
6/7/2024,A,GX319655,1:16,252,0,1,1,n,n,n,n,n,11/10/2024,KL,,y,n,y,n,,
6/7/2024,A,GX319655,2:17,253,0,2,0,n,n,n,n,n,11/10/2024,KL,One of the parrotfish swimming into arena.,y,n,y,n,,
6/7/2024,A,GX319655,4:19,255,0,0,0,y,n,n,n,n,11/10/2024,KL,,n,n,y,n,,
6/7/2024,A,GX319655,5:20,256,0,1,0,y,n,n,n,n,11/10/2024,KL,,y,n,y,n,,
6/7/2024,A,GX319655,7:21,258,0,0,1,n,n,n,n,n,11/10/2024,KL,Surgeonfish engaged in agressive behavior with damselfish right before stimulus appeared.,y,n,y,n,,
6/7/2024,A,GX329655,0:50,260,0,0,0,y,n,n,n,n,11/10/2024,KL,,n,n,y,n,,
6/7/2024,A,GX329655,1:51,261,0,1,0,n,n,n,n,n,11/10/2024,KL,,y,n,y,n,,
6/7/2024,A,GX329655,2:51,262,0,3,0,n,n,n,n,n,11/10/2024,KL,Two parrotfish on peripheral of arena.,y,n,y,n,,
6/7/2024,A,GX329655,3:54,263,0,2,0,y,n,n,n,n,11/10/2024,KL,,y,n,y,n,,
6/7/2024,A,GX329655,6:57,266,0,0,0,y,n,n,n,n,11/10/2024,KL,,n,n,y,n,,
6/7/2024,A,GX339655,4:30,272,0,0,1,n,n,n,n,n,11/10/2024,KL,,y,n,y,n,,
6/7/2024,A,GX339655,5:30,273,0,1,0,n,n,n,n,n,11/10/2024,KL,,y,n,y,n,,
6/7/2024,A,GX339655,6:31,274,0,1,0,n,n,n,n,n,11/10/2024,KL,,y,n,y,n,,
6/7/2024,A,GX349655,3:03,279,0,0,1,n,n,n,n,n,11/15/2024,KL,,y,n,y,n,,
6/7/2024,A,GX349655,4:04,280,0,0,0,y,n,n,n,n,11/15/2024,KL,,n,n,y,n,,
6/7/2024,A,GX349655,5:04,281,0,1,0,n,n,n,n,n,11/15,KL,,y,n,y,n,,
6/7/2024,A,GX349655,8:08,284,0,1,0,n,n,n,n,n,11/15/2024,KL,,y,n,y,n,,
6/7/2024,A,GX359655,0:37,285,0,1,0,n,n,n,n,n,11/15/2024,KL,,y,n,y,n,,
6/7/2024,A,GX359655,1:37,286,0,1,0,n,n,n,n,n,11/15/2024,KL,,y,n,y,n,,
6/7/2024,A,GX359655,3:39,288,0,0,0,y,n,n,n,n,11/15/2024,KL,,n,n,y,n,,
6/7/2024,A,GX359655,4:39,289,0,1,0,n,n,n,n,n,11/15/2024,KL,,y,n,y,n,,
6/7/2024,A,GX359655,7:43,292,0,1,0,n,n,n,n,n,11/15/2024,KL,,y,n,y,n,,
6/7/2024,A,GX369655,2:13,295,0,1,0,n,n,n,n,n,11/15/2024,KL,,y,n,y,n,,
6/7/2024,A,GX369655,5:15,298,0,1,0,n,n,n,n,n,11/15/2024,KL,,y,n,y,n,,
6/7/2024,A,GX369655,7:16,300,0,0,1,n,n,n,n,n,11/15/2024,KL,,y,n,y,n,,
6/7/2024,A,GX369655,8:18,301,0,0,0,y,n,n,n,n,11/15/2024,KL,,n,n,y,n,,
6/7/2024,A,GX379655,0:46,302,0,1,0,n,n,n,n,n,11/15/2024,KL,Parrotfish on peripheral of arena. ,y,n,y,n,,
6/7/2024,A,GX379655,2:48,304,0,0,0,y,n,n,n,n,11/15/2024,KL,,n,n,y,n,,
6/7/2024,A,GX379655,3:48,305,0,2,0,n,n,n,n,n,11/15/2024,KL,"Parrotfish on peripheral, expressing possible agressive behavior to each other.",y,n,y,n,,
6/7/2024,A,GX379655,6:52,308,0,1,0,y,n,n,n,n,11/15/2024,KL,,y,n,y,n,,
6/7/2024,A,GX379655,7:53,309,0,2,0,y,n,n,n,n,11/15/2024,KL,,y,n,y,n,,
6/7/2024,A,GX389655,0:21,310,0,2,1,n,n,n,n,n,11/16/2024,KL,One parrotfish swimming out of arena.,y,n,y,n,,
6/7/2024,A,GX389655,1:23,311,0,0,1,n,n,n,n,n,11/16/2024,KL,Surgeonfish swimming out of frame.,y,n,y,n,,
6/7/2024,A,GX389655,2:23,312,0,1,0,n,n,n,n,n,11/16/2024,KL,"Parrotfish swimming above ipad, unsure if he could see stimulus.",y,n,y,n,,
6/7/2024,A,GX389655,3:25,313,0,0,0,y,n,n,n,n,11/16/2024,KL,,n,n,y,n,,
6/7/2024,A,GX389655,6:27,316,0,1,1,n,n,n,n,n,11/16/2024,KL,,y,n,y,n,,
6/7/2024,A,GX389655,8:30,318,0,0,1,n,n,n,n,n,11/16/2024,KL,Stimulus appears on ipad at the end of this video but doesn't finish looming until next video.,y,n,y,n,,
6/7/2024,A,GX399655,4:01,322,0,3,0,n,n,n,n,n,11/16/2024,KL,,y,n,y,n,,
6/7/2024,A,GX399655,6:04,334,0,1,1,n,n,n,n,n,11/16/2024,KL,Parrotfish swimming into arena.,y,n,y,n,,
6/7/2024,A,GX409655,1:35,338,0,1,1,n,n,n,n,n,11/17/2024,KL,,y,n,y,n,,
6/7/2024,A,GX409655,3:37,340,0,1,0,n,n,n,n,n,11/17/2024,KL,,y,n,y,n,,
6/7/2024,A,GX409655,6:39,343,0,0,0,y,n,n,n,n,11/17/2024,KL,,n,n,y,n,,
6/7/2024,A,GX409655,7:41,344,0,1,0,y,n,n,n,n,11/17/2024,KL,,y,n,y,n,,
6/7/2024,A,GX419655,0:09,345,0,0,1,y,n,n,n,n,11/17/2024,KL,,y,n,y,n,,
6/7/2024,A,GX419655,1:09,346,0,0,1,y,n,n,n,n,11/17/2024,KL,,y,n,y,n,,
6/7/2024,A,GX419655,2:11,347,0,0,0,y,n,n,n,n,11/17/2024,KL,,n,n,y,n,,
6/7/2024,A,GX419655,3:12,348,0,0,0,y,n,n,n,n,11/17/2024,KL,,n,n,y,n,,
6/7/2024,A,GX419655,4:12,349,0,0,1,n,n,n,n,n,11/17/2024,KL,,y,n,y,n,,
6/7/2024,A,GX419655,7:17,352,0,2,0,y,n,n,n,n,11/17/2024,KL,,y,n,y,n,,
6/7/2024,A,GX419655,8:17,353,0,1,1,n,n,n,n,n,11/17/2024,KL,Surgeonfish swimming out of arena.,y,n,y,n,,
6/7/2024,A,GX429655,0:45,354,0,1,1,n,n,n,n,n,11/17/2024,KL,,y,n,y,n,,
6/7/2024,A,GX429655,1:47,355,0,2,1,n,n,n,n,n,11/17/2024,KL,One parrotfish swimming out of arena.,y,n,y,n,,
6/7/2024,A,GX429655,3:48,357,0,0,1,y,n,n,n,n,11/17/2024,KL,,y,n,y,n,,
6/7/2024,A,GX429655,5:51,359,0,0,0,y,n,n,n,n,11/17/2024,KL,,n,n,y,n,,
6/7/2024,A,GX429655,6:51,360,0,1,0,y,n,n,n,n,11/17/2024,KL,,y,n,y,n,,
6/7/2024,A,GX429655,7:53,361,0,0,0,y,n,n,n,n,11/17/2024,KL,,n,n,y,n,,
6/7/2024,A,GX439655,2:23,364,0,1,0,n,n,n,n,n,11/17/2024,KL,Parrotfish swimming out of arena.,y,n,y,n,,
6/7/2024,A,GX439655,5:25,367,0,0,1,n,n,n,n,n,11/17/2024,KL,,y,n,y,n,,
6/7/2024,A,GX439655,8:30,370,0,0,1,n,n,n,n,n,11/17/2024,KL,Stimulus appears at the end of this video but doesn't finish looming until the next video.,y,n,y,n,,
6/7/2024,A,GX449655,0:58,371,0,0,0,y,n,n,n,n,11/17/2024,KL,,n,n,y,n,,
6/7/2024,A,GX449655,1:58,372,0,1,0,y,n,n,n,n,11/17/2024,KL,,y,n,y,n,,
6/7/2024,A,GX449655,4:00,374,0,1,0,n,n,n,n,n,11/17/2024,KL,,y,n,y,n,,
6/7/2024,A,GX449655,8:04,378,0,0,0,y,n,n,n,n,11/17/2024,KL,,n,n,y,n,,
6/7/2024,A,GX459655,3:36,382,0,2,0,n,n,n,n,n,11/17/2024,KL,One parrotfish swimming out of arena.,y,n,y,n,,
6/7/2024,A,GX459655,4:38,383,0,0,1,n,n,n,n,n,11/17/2024,KL,,y,n,y,n,,
6/7/2024,A,GX459655,7:40,386,1,0,2,n,n,n,n,n,11/17/2024,KL,,y,n,y,n,,
6/7/2024,A,GX469655,0:09,387,0,0,1,y,n,n,n,n,11/17/2024,KL,Surgeonfish swimming out of frame.,y,n,y,n,,
6/7/2024,A,GX469655,1:09,388,0,0,0,y,n,n,n,n,11/17/2024,KL,,n,n,y,n,,
6/7/2024,A,GX469655,2:11,389,0,2,1,n,n,n,n,n,11/17/2024,KL,,y,n,y,n,,
6/7/2024,A,GX469655,3:11,390,0,1,2,n,n,n,n,n,11/17/2024,KL,,y,n,y,n,,
6/7/2024,A,GX469655,4:12,391,0,1,0,n,n,n,n,n,11/17/2024,KL,,y,n,y,n,,
6/7/2024,A,GX469655,6:15,393,0,0,2,y,n,n,n,n,11/17/2024,KL,,y,n,y,n,,
6/7/2024,A,GX469655,7:16,394,0,1,0,n,n,n,n,n,11/17/2024,KL,,y,n,y,n,,
6/7/2024,A,GX469655,8:17,395,0,1,0,n,n,n,n,n,11/17/2024,KL,,y,n,y,n,,
6/7/2024,A,GX479655,1:45,397,0,1,0,y,n,n,n,n,11/17/2024,KL,,y,n,y,n,,
6/7/2024,A,GX479655,2:48,398,0,3,0,n,n,n,n,n,11/17/2024,KL,,y,n,y,n,,
6/7/2024,A,GX479655,3:48,399,0,0,0,y,n,n,n,n,11/17/2024,KL,,n,n,y,n,,
6/7/2024,A,GX479655,5:50,401,2,0,1,n,n,n,n,n,11/17/2024,KL,One butterfly fish swims out of arena almost immediately. ,y,n,y,n,,
6/7/2024,A,GX479655,7:52,403,0,1,1,y,n,n,n,n,11/17/2024,KL,,y,n,y,n,,
6/7/2024,A,GX489655,0:21,404,0,0,0,y,n,n,n,n,11/17/2024,KL,,n,n,y,n,,
6/7/2024,A,GX489655,1:21,405,0,2,0,y,n,n,n,n,11/17/2024,KL,,y,n,y,n,,
6/7/2024,A,GX489655,2:23,406,0,1,0,n,n,n,n,n,11/17/2024,KL,,y,n,y,n,,
6/7/2024,A,GX489655,4:25,408,0,1,0,n,n,n,n,n,11/17/2024,KL,,y,n,y,n,,
6/7/2024,A,GX489655,5:25,409,0,1,0,y,n,n,n,n,11/17/2024,KL,,y,n,y,n,,
6/7/2024,A,GX489655,6:27,410,0,1,0,n,n,n,n,n,11/17/2024,KL,,y,n,y,n,,
6/7/2024,A,GX489655,8:29,412,0,1,0,n,n,n,n,n,11/18/2024,KL,,y,n,y,n,,
6/7/2024,A,GX499655,1:58,414,0,0,2,y,n,n,n,n,11/18/2024,KL,,y,n,y,n,,
6/7/2024,A,GX499655,2:58,415,0,0,1,n,n,n,n,n,11/18/2024,KL,,y,n,y,n,,
6/7/2024,A,GX499655,4:01,416,0,0,2,y,n,n,n,n,11/18/2024,KL,,y,n,y,n,,
6/7/2024,A,GX499655,8:04,420,0,1,0,y,n,n,n,n,11/18/2024,KL,,y,n,y,n,,
6/7/2024,A,GX509655,4:37,425,0,1,1,n,n,n,n,n,11/18/2024,KL,,y,n,y,n,,
6/7/2024,A,GX509655,6:39,427,0,1,0,y,n,n,n,n,11/18/2024,KL,,y,n,y,n,,
6/7/2024,A,GX519655,4:12,433,0,1,1,n,n,n,n,n,11/18/2024,KL,Two more parrotfish swim into arena.,y,n,y,n,,
6/7/2024,A,GX519655,5:13,434,0,4,2,n,n,n,n,n,11/18/2024,KL,,y,n,y,n,,
6/7/2024,A,GX519655,6:14,435,0,0,1,n,n,n,n,n,11/18/2024,KL,,y,n,y,n,,
6/7/2024,A,GX519655,7:16,436,0,3,0,n,n,n,n,n,11/18/2024,KL,,y,n,y,n,,
6/7/2024,A,GX519655,8:16,437,0,0,1,n,n,n,n,n,11/18/2024,KL,,y,n,y,n,,
6/7/2024,A,GX529655,0:44,438,0,0,0,y,n,n,n,n,11/18/2024,KL,,n,n,y,n,,
6/7/2024,A,GX529655,1:47,439,0,0,1,n,n,n,n,n,11/18/2024,KL,Surgeonfish swims in front of ipad so hard to tell exactly when stimulus appears.,y,n,y,n,,
6/7/2024,A,GX529655,2:47,440,0,1,1,n,n,n,n,n,11/18/2024,KL,,y,n,y,n,,
6/7/2024,A,GX529655,3:47,441,0,0,0,y,n,n,n,n,11/18/2024,KL,,n,n,y,n,,
6/7/2024,A,GX529655,4:49,442,0,1,0,n,n,n,n,n,11/18/2024,KL,Parrotfish swimming out of arena.,y,n,y,n,,
6/7/2024,A,GX529655,5:49,443,0,1,0,n,n,n,n,n,11/18/2024,KL,Parrotfish swimming out of arena.,y,n,y,n,,
6/7/2024,A,GX529655,6:51,444,0,1,0,n,n,n,n,n,11/18/2024,KL,,y,n,y,n,,
6/7/2024,A,GX529655,7:51,445,0,1,0,n,n,n,n,n,11/18/2024,KL,,y,n,y,n,,
6/7/2024,A,GX539655,0:20,446,0,1,0,n,n,n,n,n,11/18/2024,KL,,y,n,y,n,,
6/7/2024,A,GX539655,1:20,447,0,1,1,n,n,n,n,n,11/18/2024,KL,,y,n,y,n,,
6/7/2024,A,GX539655,2:23,448,0,1,0,n,n,n,n,n,11/18/2024,KL,,y,n,y,n,,
6/5/2024,A,GX029697,00:48,2,0,0,1,n,n,n,n,n,10/1/2024,JM,"surgeonfish came into the arena as the loom was starting, wasnâ€™t fully in when the dot first appeared.",y,n,y,n,,
6/5/2024,A,GX029697,04:51,6,0,0,0,y,n,n,n,n,10/1/2024,JM,,n,n,y,n,,
6/5/2024,A,GX029697,06:53,8,0,0,1,y,n,n,n,n,10/1/2024,JM,,y,n,y,n,,
6/5/2024,A,GX029697,07:54,9,0,0,1,n,n,n,n,n,10/1/2024,JM,,y,n,y,n,,
6/5/2024,A,GX039697,01:24,11,0,1,1,n,n,n,n,n,10/1/2024,JM,"1 peripheral parrotfish, no response",y,n,y,n,,
6/5/2024,A,GX039697,06:28,16,0,0,0,y,n,n,n,n,10/1/2024,JM,,n,n,y,n,,
6/5/2024,A,GX049697,05:02,23,0,1,0,n,n,n,n,n,10/1/2024,JM,parrotfish entered arena before stimulus,y,n,y,n,,
6/5/2024,A,GX049697,08:05,26,0,1,1,n,n,n,n,n,10/1/2024,JM,both were nearly peripheral by the time the stimulus went,y,n,y,n,,
6/5/2024,A,GX059697,00:33,27,0,2,0,y,n,n,n,n,10/1/2024,JM,"one of the parrotfish left the arena before the loom, the other stopped feeding when the loom happened, but didn't flee.",y,n,y,n,,
6/5/2024,A,GX059697,02:35,29,0,0,0,y,n,n,n,n,10/1/2024,JM,,n,n,y,n,,
6/5/2024,A,GX059697,06:39,33,0,0,1,n,n,n,n,n,10/1/2024,JM,,y,n,y,n,,
6/5/2024,A,GX059697,07:40,34,0,0,1,n,n,n,n,n,10/1/2024,JM,,y,n,y,n,,
6/5/2024,A,GX069697,06:14,41,0,1,0,n,n,n,n,n,10/1/2024,JM,"big blue parrotfish was barely in frame at bottom of arena, but no flight.",y,n,y,n,,
6/5/2024,A,GX069697,08:16,43,0,0,0,y,n,n,n,n,10/1/2024,JM,,n,n,y,n,,
6/5/2024,A,GX089697,00:19,52,0,1,0,n,n,n,n,n,10/1/2024,JM,"parrotfish was sitting in the sand, possibly at a shrimp cleaning spot?",y,n,y,n,,
6/5/2024,A,GX089697,02:20,54,0,1,0,n,n,n,n,n,10/1/2024,JM,tiger grouper at 02:12 on left of screen,y,n,y,n,,
6/5/2024,A,GX089697,06:24,58,0,1,0,n,n,n,n,n,10/1/2024,JM,parrotfish just swam in and shit without a flinch.,y,n,y,n,,
6/5/2024,A,GX099697,7:00,67,0,0,1,n,n,n,n,n,11/5/2024,BC,"one parrotfish and surgeon fish peripheral, no reactions. Mulitple larger non study fish hunting in the area",y,n,y,n,,
6/5/2024,A,GX109697,0:30,69,0,1,0,n,n,n,n,n,11/5/2024,BC,A couple perihperal parrotfish with no response,y,n,y,n,,
6/5/2024,A,GX109697,5:34,74,0,0,1,n,n,n,n,n,11/5/2024,BC,,y,n,y,n,,
6/5/2024,A,GX109697,7:36,76,0,1,0,n,n,n,n,n,11/5/2024,BC,,y,n,y,n,,
6/5/2024,A,GX119697,5:08,82,0,1,0,n,n,n,n,n,11/5/2024,BC,parrotfish was right on edge of arena had no response,y,n,y,n,,
6/5/2024,A,GX129697,4:44,90,0,2,0,n,n,n,n,n,11/5/2024,BC,One surgeon may have been in arena just out of frame. It did not respond,y,n,y,n,,
6/5/2024,A,GX129697,5:45,91,0,1,0,n,n,n,n,n,11/5/2024,BC,,y,n,y,n,,
6/5/2024,A,GX149697,0:51,103,0,1,0,n,n,n,n,n,11/5/2024,BC,,y,n,y,n,,
6/5/2024,A,GX149697,3:54,106,2,1,0,n,n,n,n,n,11/5/2024,BC,one of the butterfly fish was direclty in front and facing the loom with no response,y,n,y,n,,
6/5/2024,A,GX149697,7:57,110,0,0,1,n,n,n,m,n,11/5/2024,BC,Surgeon fish left right after but did not seem to be fleeing. Large parrotfish peripheral with no response.,y,n,y,n,,
6/5/2024,A,GX159697,0:24,101,0,0,4,n,n,n,n,n,11/5/2024,BC,4 surgeon fish in a group entered right as loom was starting. One more was peripheral outside the group and did not respond.,y,n,y,n,,
6/5/2024,A,GX159697,1:27,102,0,0,1,n,n,n,n,n,11/5/2024,BC,,y,n,y,n,,
6/5/2024,A,GX159697,4:29,105,0,2,0,n,n,n,n,n,11/5/2024,BC,,y,n,y,n,,
6/5/2024,A,GX159697,5:30,106,0,2,0,n,n,n,n,n,11/5/2024,BC,2 more parrotfish peripheral no response.,y,n,y,n,,
6/5/2024,A,GX169697,2:02,111,0,1,0,n,n,n,n,n,11/5/2024,BC,fish was out of arena by the time loom finished. 4 parrotfish fled a couple of seconds before the loom,y,n,y,n,,
6/5/2024,A,GX169697,3:04,112,0,2,0,n,n,n,n,n,11/5/2024,BC,,y,n,y,n,,
6/5/2024,A,GX169697,4:05,113,0,2,1,y,n,n,n,n,11/5/2024,BC,Surgeonfish looked like it may have been a flight but a damselfish attcked it at the same time as the loom occured.,y,n,y,n,,
6/5/2024,A,GX169697,6:06,115,0,0,1,n,n,n,n,n,11/5/2024,BC,grunt in the arena,y,n,y,n,,
6/5/2024,A,GX179697,3:39,121,0,0,1,n,n,n,n,n,11/5/2024,BC,one more surgeonfish entered direclty in front of ipad at the very end of the loom with no obvious reaction,y,n,y,n,,
6/5/2024,A,GX179697,6:42,124,0,1,1,n,n,n,n,n,11/5/2024,BC,,y,n,y,n,,
6/5/2024,A,GX179697,7:43,125,0,2,1,n,n,n,n,n,11/5/2024,BC,,y,n,y,n,,
6/5/2024,A,GX189697,0:11,126,0,5,0,n,n,n,n,n,11/5/2024,BC,large parrotfish in peripheral no response,y,n,y,n,,
6/5/2024,A,GX189697,1:12,127,0,2,0,n,n,n,n,n,11/5/2024,BC,,y,n,y,n,,
6/5/2024,A,GX189697,2:13,128,0,2,0,n,n,n,n,n,11/5/2024,BC,,y,n,y,n,,
6/5/2024,A,GX189697,4:15,130,0,2,0,y,n,n,n,n,11/5/2024,BC,camera partially blocked by cornetfish. large parrotfish left right before loom occured,y,n,y,n,,
6/5/2024,A,GX189697,5:16,131,0,1,0,n,n,n,n,n,11/5/2024,BC,more parrotfish peripheral with no response,y,n,y,n,,
6/5/2024,A,GX189697,6:17,132,0,3,0,y,n,n,n,n,11/5/2024,BC,cornetfish and grunt present,y,n,y,n,,
6/5/2024,A,GX199697,7:54,142,0,1,1,n,n,n,n,n,11/5/2024,BC,surgeonfish leaving as loom occured. another parrot peipheral with no response. ,y,n,y,n,,
6/5/2024,A,GX209697,2:24,145,0,1,0,n,n,n,n,n,11/5/2024,BC,fish entered right as loom started,y,n,y,n,,
6/5/2024,A,GX209697,3:25,146,0,3,0,n,n,n,n,n,11/5/2024,BC,two of the parrotfish left mbefore full loo,y,n,y,n,,
6/5/2024,A,GX209697,6:28,149,0,1,0,n,n,n,n,n,11/5/2024,BC,,y,n,y,n,,
6/5/2024,A,GX209697,7:28,150,0,1,0,n,n,n,n,n,11/5/2024,BC,,y,n,y,n,,
6/5/2024,A,GX219697,6:02,157,0,1,0,n,n,n,n,n,11/6/2024,BC,,y,n,y,n,,
6/5/2024,A,GX239697,2:09,170,0,1,0,n,n,n,n,n,11/6/2024,BC,,y,n,y,n,,
6/5/2024,A,GX239697,3:10,171,0,3,0,n,n,n,n,n,11/6/2024,BC,one parrotfish left before loom finished,y,n,y,n,,
6/5/2024,A,GX239697,4:11,172,0,1,0,n,n,n,n,n,11/6/2024,BC,,y,n,y,n,,
6/5/2024,A,GX249697,0:43,177,0,1,0,n,n,n,n,n,11/6/2024,BC,,y,n,y,n,,
6/5/2024,A,GX249697,1:44,178,0,2,0,n,n,n,n,n,11/6/2024,BC,mulitple more parrotfish peripheral with no reaction,y,n,y,n,,
6/5/2024,A,GX249697,2:44,179,0,1,0,n,n,n,n,n,11/6/2024,BC,mulitple more parrotfish and one surgeonfish peripheral with no reaction,y,n,y,n,,
6/5/2024,A,GX249697,3:45,180,0,0,1,n,n,n,n,n,11/6/2024,BC,,y,n,y,n,,
6/5/2024,A,GX249697,6:48,183,0,1,1,n,n,n,n,n,11/6/2024,BC,,y,n,y,n,,
6/5/2024,A,GX249697,7:50,184,0,0,1,n,n,n,n,n,11/6/2024,BC,snapper in arena as well,y,n,y,n,,
6/5/2024,A,GX259697,1:19,186,0,2,0,n,n,n,n,n,11/10/2024,BC,"couple more parrotfish peripheral, snapper still there",y,n,y,n,,
6/5/2024,A,GX259697,3:21,188,0,2,0,y,n,n,n,n,11/10/2024,BC,2 parrotfish entered right at end of loom,y,n,y,n,,
6/5/2024,A,GX259697,4:22,189,0,1,1,n,n,n,n,n,11/10/2024,BC,large collection of fish outside the arena fled from something else right at the start if the loom,y,n,y,n,,
6/5/2024,A,GX259697,5:23,190,0,1,0,n,n,n,n,n,11/10/2024,BC,snapper still in arena,y,n,y,n,,
6/5/2024,A,GX259697,7:25,192,0,2,0,n,n,n,n,n,11/10/2024,BC,snapper still in arena,y,n,y,n,,
6/5/2024,A,GX269697,1:55,195,0,1,0,n,n,n,n,n,11/10/2024,BC,snapper still in arena,y,n,y,n,,
6/5/2024,A,GX269697,5:59,199,0,0,1,n,n,n,n,n,11/10/2024,BC,snapper still in arena,y,n,y,n,,
6/5/2024,A,GX269697,8:01,201,0,0,2,n,n,n,n,n,11/10/2024,BC,snapper still in arena,y,n,y,n,,
6/5/2024,A,GX279697,0:29,202,0,0,1,n,n,n,n,n,11/10/2024,BC,snapper still in arena,y,n,y,n,,
6/5/2024,A,GX279697,4:33,206,0,1,0,n,n,n,n,n,11/10/2024,BC,fish leaving as loom occured,y,n,y,n,,
6/5/2024,A,GX279697,5:34,207,0,0,1,n,n,n,n,n,11/10/2024,BC,cottonwick swam through and snapper still there,y,n,y,n,,
6/5/2024,A,GX299697,0:38,219,0,0,1,n,n,n,n,n,11/10/2024,BC,trunkfish peripheral,y,n,y,n,,
6/5/2024,A,GX299697,3:43,222,0,1,0,n,n,n,n,n,11/10/2024,BC,,y,n,y,n,,
6/5/2024,A,GX299697,4:44,223,0,0,1,n,n,n,n,n,11/10/2024,BC,,y,n,y,n,,
6/5/2024,A,GX299697,6:45,225,0,1,0,n,n,n,n,n,11/10/2024,BC,,y,n,y,n,,
6/5/2024,A,GX309697,0:15,227,0,3,0,n,n,n,n,n,11/10/2024,BC,grunt in arena as well,y,n,y,n,,
6/5/2024,A,GX309697,2:17,229,0,1,0,n,n,n,n,n,11/10/2024,BC,,y,n,y,n,,
6/5/2024,A,GX309697,3:18,230,0,5,0,n,n,n,n,n,11/10/2024,BC,multiple more parrtofsih peripheral,y,n,y,n,,
6/5/2024,A,GX309697,5:19,232,0,1,0,n,n,n,n,n,11/10/2024,BC,,y,n,y,n,,
6/5/2024,A,GX319697,1:52,237,0,1,0,n,n,n,n,n,11/10/2024,BC,two snapper in arena,y,n,y,n,,
6/5/2024,A,GX319697,2:52,238,0,1,0,n,n,n,n,n,11/10/2024,BC,two snapper in arena,y,n,y,n,,
6/5/2024,A,GX319697,3:53,239,0,3,0,n,n,n,n,n,11/10/2024,BC,snapper in arena,y,n,y,n,,
6/5/2024,A,GX319697,5:55,241,0,2,0,n,n,n,n,n,11/10/2024,BC,"one more parrotfish left right befoe loom, snapper in arena",y,n,y,n,,
6/5/2024,A,GX329697,0:25,244,0,1,0,n,n,n,n,n,11/10/2024,BC,snapper in arena,y,n,y,n,,
6/5/2024,A,GX329697,2:27,246,0,3,0,n,n,n,n,n,11/10/2024,BC,snapper in arena,y,n,y,n,,
6/5/2024,A,GX329697,5:30,249,0,2,0,n,n,n,n,n,11/10/2024,BC,snapper in arena,y,n,y,n,,
6/5/2024,A,GX329697,7:32,251,0,0,1,n,n,n,n,n,11/10/2024,BC,"surgeonfish left before majority of loom, snapper in arena",y,n,y,n,,
6/5/2024,A,GX339697,2:02,254,0,0,1,n,n,n,n,n,11/10/2024,BC,"surgeonfish left before majority of loom, snapper in arena",y,n,y,n,,
6/5/2024,A,GX339697,5:05,257,0,0,1,n,n,n,n,n,11/10/2024,BC,snapper in arena,y,n,y,n,,
6/5/2024,A,GX339697,6:06,258,0,0,0,y,n,n,n,n,11/10/2024,BC,"chromis comess intro frame right after loom started, snapper in arena",n,n,y,n,,
6/5/2024,A,GX339697,8:08,260,0,2,0,n,n,n,n,n,11/10/2024,BC,parrotfish left after loom but seemed to be leaving before hand. multiple parrotfish and surgeonfish peripheral with no reaction. snapper in arena,y,n,y,n,,
6/5/2024,A,GX349697,0:36,261,0,1,1,n,n,n,n,n,11/10/2024,BC,more surgeonfish come into behind first one but not in time of loom. snapper in arena,y,n,y,n,,
6/5/2024,A,GX349697,3:39,264,0,1,0,n,n,n,n,n,11/10/2024,BC,snapper in arena,y,n,y,n,,
6/5/2024,A,GX349697,4:40,265,0,0,1,n,n,n,n,n,11/10/2024,BC,snapper in arena,y,n,y,n,,
6/5/2024,A,GX349697,6:42,267,0,0,2,n,n,n,n,n,11/10/2024,BC,"parrotfish and mutliple surgeonfish peripheral no response, cornetfish blocks camera partially.",y,n,y,n,,
6/5/2024,A,GX359697,0:11,269,0,0,0,y,n,n,n,n,11/10/2024,BC,"grunt, snapper, and filefish in arena",n,n,y,n,,
6/5/2024,A,GX359697,1:12,270,0,1,0,n,n,n,n,n,11/10/2024,BC,parrotfish passing throguh during loom,y,n,y,n,,
6/5/2024,A,GX359697,2:13,271,0,3,0,n,n,n,n,n,11/10/2024,BC,snapper in arena,y,n,y,n,,
6/5/2024,A,GX359697,5:16,274,0,0,1,n,n,n,n,n,11/10/2024,BC,group of 6 grunts in and around arena,y,n,y,n,,
6/5/2024,A,GX369697,0:47,279,0,1,0,y,n,n,n,n,11/10/2024,BC,"parrotfish entered as loom was starting, snapper in arena",y,n,y,n,,
6/5/2024,A,GX369697,1:48,280,0,1,0,n,n,n,n,n,11/10/2024,BC,snapper in arena,y,n,y,n,,
6/5/2024,A,GX369697,3:50,282,0,2,0,n,n,n,n,n,11/10/2024,BC,snapper in arena,y,n,y,n,,
6/5/2024,A,GX369697,4:51,283,0,1,0,n,n,n,n,n,11/10/2024,BC,,y,n,y,n,,
6/5/2024,A,GX369697,5:51,284,0,0,0,y,n,n,n,n,11/10/2024,BC,snapper in arena,n,n,y,n,,
6/5/2024,A,GX369697,7:53,286,0,2,0,n,n,n,n,n,11/10/2024,BC,"small group of parrotfish peripheral, no response",y,n,y,n,,
6/5/2024,A,GX379697,0:21,287,0,2,0,n,n,n,n,n,11/16/2024,BC,,y,n,y,n,,
6/5/2024,A,GX379697,4:25,291,0,0,1,n,n,n,n,n,11/16/2024,BC,snapper also in arena,y,n,y,n,,
6/5/2024,A,GX379697,5:26,292,0,0,1,n,n,n,n,n,11/16/2024,BC,same surgeonfish as last loom,y,n,y,n,,
6/5/2024,A,GX379697,6:27,293,0,0,1,n,n,n,n,n,11/16/2024,BC,same surgeonfish as last loom,y,n,y,n,,
6/5/2024,A,GX379697,7:28,294,0,1,0,n,n,y,n,n,11/16/2024,BC,"large parrotfish swims directly in front of ipad as the loom started and than fled out of arena as loom peaked, snapper also in arena",y,y,y,y,,
6/5/2024,A,GX399697,0:32,304,0,0,0,y,n,n,n,n,11/16/2024,BC,,n,n,y,n,,
6/5/2024,A,GX399697,3:35,307,0,0,2,n,n,n,n,n,11/16/2024,BC,,y,n,y,n,,
6/5/2024,A,GX399697,5:37,309,0,0,1,n,n,n,n,n,11/16/2024,BC,surgeonfish right next to snapper,y,n,y,n,,
6/5/2024,A,GX409697,3:11,315,0,1,0,n,n,n,n,n,11/16/2024,BC,snapper in arena,y,n,y,n,,
6/5/2024,A,GX409697,4:12,316,0,1,0,n,n,n,n,n,11/16/2024,BC,surgeonfish peripheral with no reaction,y,n,y,n,,
6/5/2024,A,GX409697,6:14,318,0,0,0,y,n,n,n,n,11/16/2024,BC,two parrotfish peripheral with no reactions,n,n,y,n,,
6/5/2024,A,GX409697,7:15,319,0,0,1,n,n,n,n,n,11/16/2024,BC,surgeonfish right next to snapper,y,n,y,n,,
6/3/2024,A,GX018727,0:14,1,0,0,1,n,n,n,n,n,11/15/2024,LAG,,y,n,y,n,,
6/3/2024,A,GX018727,6:18,7,0,0,0,y,n,n,n,n,11/15/2024,LAG,,n,n,y,n,,
5/18/2024,A,GX010845,0:42,3,0,1,0,n,n,n,n,n,11/17/2024,BC,,y,n,y,n,,
5/18/2024,A,GX010845,1:03,4,0,1,0,n,n,n,n,n,11/17/2024,BC,parrotfish seemed to be already leaving,y,n,y,n,,
5/18/2024,A,GX010845,4:12,13,0,0,1,n,n,n,n,n,11/17/2024,BC,,y,n,y,n,,
5/18/2024,A,GX010845,6:18,19,0,0,2,n,n,n,n,n,11/17/2024,BC,both fish entered as loom was starting,y,n,y,n,,
5/18/2024,A,GX020845,5:11,40,0,1,0,n,n,n,n,n,11/17/2024,BC,cottonwick hunting in arena,y,n,y,n,,
5/18/2024,A,GX020845,8:20,49,0,1,0,n,n,n,n,n,11/17/2024,BC,,y,n,y,n,,
5/18/2024,A,GX030845,1:14,53,0,1,0,n,n,n,n,n,11/17/2024,BC,,y,n,y,n,,
5/18/2024,A,GX030845,1:35,54,0,2,0,n,n,n,n,n,11/17/2024,BC,,y,n,y,n,,
5/18/2024,A,GX030845,2:17,56,0,2,0,n,n,n,n,n,11/17/2024,BC,,y,n,y,n,,
5/18/2024,A,GX030845,2:38,57,0,1,0,n,n,n,n,n,11/17/2024,BC,,y,n,y,n,,
5/18/2024,A,GX030845,2:59,58,0,1,0,n,n,n,n,n,11/17/2024,BC,,y,n,y,n,,
5/18/2024,A,GX030845,3:20,59,0,1,0,n,n,n,n,n,11/17/2024,BC,,y,n,y,n,,
5/18/2024,A,GX030845,3:41,60,0,1,0,n,n,n,n,n,11/17/2024,BC,,y,n,y,n,,
5/18/2024,A,GX030845,4:02,61,0,1,0,n,n,n,n,n,11/17/2024,BC,,y,n,y,n,,
5/18/2024,A,GX030845,4:23,62,0,1,0,n,n,n,n,n,11/17/2024,BC,,y,n,y,n,,
5/18/2024,A,GX030845,4:44,63,0,1,0,n,n,n,n,n,11/17/2024,BC,,y,n,y,n,,
5/18/2024,A,GX030845,5:05,64,0,1,1,n,n,n,n,n,11/17/2024,BC,,y,n,y,n,,
5/18/2024,A,GX030845,7:11,70,0,1,0,n,n,n,n,n,11/17/2024,BC,,y,n,y,n,,
5/22/2024,A,GX020568,1:39,3,0,1,0,n,n,y,n,n,11/16/2024,BC,"parrotfish is just inside arena it starts to leave, loom occurs and the fish flees, may be peripheral as if flees",y,y,y,y,,
5/22/2024,A,GX020568,5:42,7,0,1,3,n,n,n,n,n,11/16/2024,BC,large snapper group around arena,y,n,y,n,,
5/22/2024,A,GX020568,6:43,8,0,0,1,n,n,n,n,n,11/16/2024,BC,,y,n,y,n,,
5/22/2024,A,GX020568,7:44,9,0,2,1,n,n,n,n,n,11/16/2024,BC,,y,n,y,n,,
5/22/2024,A,GX030568,0:13,10,0,1,0,n,n,n,n,n,11/16/2024,BC,,y,n,y,n,,
5/22/2024,A,GX030568,1:14,11,0,1,0,n,n,n,n,n,11/16/2024,BC,,y,n,y,n,,
5/22/2024,A,GX030568,2:15,12,0,2,0,n,n,n,n,n,11/16/2024,BC,snapper in arena,y,n,y,n,,
5/22/2024,A,GX030568,3:16,13,0,2,0,n,n,n,n,n,11/16/2024,BC,snapper in arena,y,n,y,n,,
5/22/2024,A,GX030568,6:18,16,0,3,0,n,n,n,n,n,11/16/2024,BC,,y,n,y,n,,
5/22/2024,A,GX050568,7:30,34,0,1,0,n,n,n,n,n,11/16/2024,BC,"passing through with another that became peripheral, no responses",y,n,y,n,,
5/22/2024,A,GX060568,0:59,36,0,1,0,n,n,n,n,n,11/16/2024,BC,"more parrotfish peripheral with no reaction,lizardfish in arena",y,n,y,n,,
5/22/2024,A,GX060568,3:01,38,0,0,1,n,n,n,n,n,11/16/2024,BC,"surgeonfish leaves during loom but not a flight, lizardfish in arena",y,n,y,n,,
5/22/2024,A,GX060568,5:02,40,0,1,0,n,n,n,n,n,11/16/2024,BC,,y,n,y,n,,
5/22/2024,A,GX070568,1:35,45,0,0,0,y,n,n,n,n,11/16/2024,BC,,n,n,y,n,,
5/22/2024,A,GX070568,7:41,51,0,1,0,n,n,n,n,n,11/16/2024,BC,,y,n,y,n,,
5/22/2024,A,GX080568,3:11,55,0,0,1,n,n,n,n,n,11/16/2024,BC,,y,n,y,n,,
5/22/2024,A,GX080568,4:12,56,0,1,0,n,n,n,n,n,11/16/2024,BC,,y,n,y,n,,
5/22/2024,A,GX080568,5:13,57,0,1,0,n,n,n,n,n,11/16/2024,BC,parrotfish passes through,y,n,y,n,,
5/22/2024,A,GX080568,7:15,59,0,0,1,n,n,n,n,n,11/16/2024,BC,,y,n,y,n,,
5/22/2024,A,GX090568,3:47,64,0,1,0,n,n,n,n,n,11/16/2024,BC,,y,n,y,n,,
5/22/2024,A,GX090568,5:49,66,0,1,0,n,n,n,n,n,11/16/2024,BC,parrotfish was leaving back of arena,y,n,y,n,,
5/22/2024,A,GX100568,0:19,69,0,0,1,n,n,n,n,n,11/16/2024,BC,,y,n,y,n,,
5/22/2024,A,GX100568,1:20,70,0,1,0,n,n,n,n,n,11/16/2024,BC,,y,n,y,n,,
5/22/2024,A,GX100568,3:22,72,0,2,1,n,n,n,n,n,11/16/2024,BC,snapper in arena,y,n,y,n,,
5/22/2024,A,GX100568,5:24,74,0,1,0,n,n,n,n,n,11/16/2024,BC,mulitple parrotfish and suergeon fish peripheral no responses,y,n,y,n,,
5/22/2024,A,GX100568,6:25,75,0,1,1,n,n,n,n,n,11/16/2024,BC,the surgeon fish chases eel that is headed towards arena,y,n,y,n,,
5/22/2024,A,GX110568,6:00,83,0,1,0,y,n,n,n,n,11/16/2024,BC,,y,n,y,n,,
5/22/2024,A,GX110568,7:00,84,0,1,0,n,n,n,n,n,11/16/2024,BC,,y,n,y,n,,
5/22/2024,A,GX120568,3:33,89,0,1,0,n,n,n,n,n,11/16/2024,BC,,y,n,y,n,,
5/22/2024,A,GX120568,7:37,93,0,1,0,n,n,n,n,n,11/16/2024,BC,snapper in arena,y,n,y,n,,
5/15/2024,A,GX019719,0:06,1,0,2,0,n,n,n,n,n,11/19/2024,LAG,,y,n,y,n,,
5/15/2024,A,GX019719,1:09,4,0,0,0,y,n,n,n,n,11/19/2024,LAG,"chromis close to camera when dot appeared, left before stimulus completed",n,n,y,n,,
5/15/2024,A,GX019719,2:54,9,0,0,0,y,n,n,n,y,11/19/2024,LAG,solo chromis peripheral to the arena fled (far away from ipad),n,n,y,y,,
5/15/2024,A,GX019719,5:21,16,0,0,0,y,n,n,n,y,11/20/2024,LAG,"2 chromis fled, causing a damselfish to flee. another fish partly comes into the frame in the corner as stimulus goes off, can't tell if it's a flight",n,n,y,y,,
5/15/2024,A,GX019719,5:42,17,0,0,0,y,n,n,n,n,11/20/2024,LAG,"one chromis in arena quickly changes direction as stimulus goes off, can't tell if it's a flight",n,n,y,n,,
5/15/2024,A,GX029719,6:03,18,0,1,0,n,n,y,n,n,11/20/2024,LAG,"IP princess parrotfish in front of ipad fled toward a damselfish and another fish, causing them to flee",y,y,y,y,,
5/15/2024,A,GX029719,8:30,25,0,1,0,y,n,n,n,n,11/20/2024,LAG,"loom started in video GX019719, ended in GX029719",y,n,y,n,,
5/15/2024,A,GX029719,0:19,26,0,0,0,y,n,n,n,n,11/20/2024,LAG,,n,n,y,n,,
5/15/2024,A,GX029719,0:39,27,0,0,0,y,n,n,n,n,11/20/2024,LAG,,n,n,y,n,,
5/15/2024,A,GX029719,3:27,35,0,1,0,n,n,n,n,n,11/20/2024,LAG,peripheral parrotfish did not react,y,n,y,n,,
5/15/2024,A,GX029719,5:54,42,0,0,1,n,n,n,n,n,12/2/2024,LAG,jack swam into arena as stimulus went off and reacted; surgeonfish in arena close to ipad did not react,y,n,y,n,,
5/15/2024,A,GX039719,0:10,49,0,0,0,y,n,n,n,n,12/2/2024,LAG,,n,n,y,n,,
5/15/2024,A,GX039719,2:58,57,0,1,0,n,n,n,n,n,12/2/2024,LAG,,y,n,y,n,,
5/15/2024,A,GX039719,4:21,61,0,0,0,y,n,n,n,n,12/2/2024,LAG,,n,n,y,n,,
5/15/2024,A,GX039719,5:03,63,0,0,0,y,n,n,n,y,12/2/2024,LAG,1 chromis peripheral (not in arena) fled,n,n,y,y,,
5/15/2024,A,GX039719,5:24,64,0,1,0,n,n,y,n,n,12/2/2024,LAG,"IP princess parrotfish in arena near ipad fled rapidly, along with a few damselfish",y,y,y,y,,
5/15/2024,A,GX039719,5:46,65,0,1,0,n,n,n,n,n,12/2/2024,LAG,"same parrotfish that fled at last stimulus returned to same foraging spot and did not flee this time, even though it was facing stimulus",y,n,y,n,,
5/15/2024,A,GX039719,6:07,66,0,0,0,y,n,n,n,n,12/2/2024,LAG,,n,n,y,n,,
5/15/2024,A,GX039719,6:27,67,0,0,0,y,n,n,n,n,12/2/2024,LAG,,n,n,y,n,,
5/15/2024,A,GX039719,6:48,68,0,0,0,y,n,n,n,n,12/2/2024,LAG,,n,n,y,n,,
5/15/2024,A,GX049719,1:25,77,0,0,0,y,n,n,n,y,12/2/2024,LAG,1 chromis fled,n,n,y,y,,
5/15/2024,A,GX049719,3:10,82,0,1,0,n,n,n,n,n,12/2/2024,LAG,parrotfish was already leaving arena as stimulus completed,y,n,y,n,,
5/15/2024,A,GX049719,3:52,84,0,0,0,y,n,n,n,n,12/2/2024,LAG,,n,n,y,n,,
5/15/2024,A,GX049719,4:13,85,0,0,0,y,n,n,n,n,12/2/2024,LAG,,n,n,y,n,,
5/15/2024,A,GX049719,4:33,86,0,0,0,y,n,n,n,n,12/2/2024,LAG,"damselfish outside of arena twitched but did not flee, large group of chromis did not react",n,n,y,n,,
5/15/2024,A,GX049719,4:54,87,0,0,0,y,n,n,n,n,12/2/2024,LAG,,n,n,y,n,,
5/15/2024,A,GX049719,5:15,88,0,1,0,y,n,n,n,n,12/2/2024,LAG,parrotfish was far/facing away from stimulus; more reactions from tiny fish,y,n,y,n,,
5/15/2024,A,GX049719,5:36,89,0,2,0,n,n,n,n,n,12/2/2024,LAG,,y,n,y,n,,
5/15/2024,A,GX049719,5:57,90,0,0,0,y,n,n,n,y,12/2/2024,LAG,a couple chromis from a large group fled,n,n,y,y,,
5/15/2024,A,GX049719,8:03,96,0,0,0,y,n,n,n,n,12/2/2024,LAG,,n,n,y,n,,
5/15/2024,A,GX049719,8:24,97,0,1,0,y,n,n,n,n,12/2/2024,LAG,,y,n,y,n,,
5/15/2024,A,GX059719,0:14,98,0,0,0,y,n,n,n,y,1/22/2025,LF,19 chromis,n,n,y,y,,
5/15/2024,A,GX059719,0:34,99,0,5,0,y,n,n,n,n,1/22/2025,LF,,y,n,y,n,,
5/15/2024,A,GX059719,0:55,100,0,1,0,y,n,n,n,n,1/22/2025,LF,,y,n,y,n,,
5/15/2024,A,GX059719,1:16,101,0,1,0,y,n,n,n,n,1/22/2025,LF,parrot chased by damselfish,y,n,y,n,,
5/15/2024,A,GX059719,1:39,102,0,0,0,y,n,n,n,n,1/22/2025,LF,,n,n,y,n,,
5/15/2024,A,GX059719,2:21,104,0,0,0,y,n,n,n,n,1/22/2025,LF,,n,n,y,n,,
5/15/2024,A,GX059719,2:42,105,0,0,0,y,n,n,n,n,1/22/2025,LF,,n,n,y,n,,
5/15/2024,A,GX059719,4:48,111,0,0,0,y,n,n,n,n,1/22/2025,LF,goatfish,n,n,y,n,,
5/15/2024,A,GX059719,5:09,112,0,0,0,y,n,n,n,y,1/22/2025,LF,goatfish,n,n,y,y,,
5/15/2024,A,GX059719,5:30,113,0,0,0,y,n,n,n,n,1/22/2025,LF,goatfish,n,n,y,n,,
5/15/2024,A,GX059719,5:51,114,0,1,0,y,n,n,n,y,1/23/2025,LF,,y,n,y,y,,
5/15/2024,A,GX059719,6:11,115,0,0,0,y,n,n,n,y,1/23/2025,LF,goatfish,n,n,y,y,,
5/15/2024,A,GX059719,6:32,116,0,0,0,y,n,n,n,n,1/23/2025,LF,parrotfish outside of arena,n,n,y,n,,
5/15/2024,A,GX059719,6:53,117,0,0,1,y,n,n,n,n,1/23/2025,LF,,y,n,y,n,,
5/15/2024,A,GX059719,7:35,119,0,0,0,y,n,n,n, n,1/23/2025,LF,,n,n,y,n,,
5/15/2024,A,GX059719,7:56,120,0,0,1,y,n,n,n,y,1/23/2025,LF,damselfish,y,n,y,y,,
5/15/2024,A,GX069719,1:27,126,0,0,0,y,n,n,n,y,1/23/2025,LF,,n,n,y,y,,
5/15/2024,A,GX069719,1:51,127,0,0,0,y,n,n,n,n,1/23/2025,LF,,n,n,y,n,,
5/15/2024,A,GX069719,2:33,129,0,0,1,n,n,n,n,n,1/23/2025,LF,,y,n,y,n,,
5/15/2024,A,GX069719,3:15,131,0,0,0,y,n,n,n,n,1/23/2025,LF,,n,n,y,n,,
5/15/2024,A,GX069719,3:35,132,0,1,0,y,n,n,n,n,1/23/2025,LF,,y,n,y,n,,
5/15/2024,A,GX069719,3:57,133,0,0,0,y,n,n,n,n,1/23/2025,LF,,n,n,y,n,,
5/15/2024,A,GX069719,4:39,135,0,1,0,n,n,n,n,n,1/23/2025,LF,,y,n,y,n,,
5/15/2024,A,GX069719,5:00,136,0,0,0,y,n,n,n,y,1/23/2025,LF,,n,n,y,y,,
5/15/2024,A,GX069719,5:20,137,2,0,1,n,n,n,n,n,1/23/2025,LF,butterfly fish right in front of loom no response,y,n,y,n,,
5/15/2024,A,GX069719,5:40,138,0,1,1,n,n,n,n,n,1/23/2025,LF,,y,n,y,n,,
5/15/2024,A,GX069719,6:00,139,0,0,0,y,n,n,n,y,1/23/2025,LF,,n,n,y,y,,
5/15/2024,A,GX069719,7:27,143,0,0,0,y,n,n,n,n,1/23/2025,LF,goatfish,n,n,y,n,,
5/15/2024,A,GX069719,8:06,145,0,1,0,n,n,n,n,n,1/23/2025,LF,goatfish,y,n,y,n,,
5/15/2024,A,GX079719,0:39,148,0,0,1,y,n,n,n,n,1/23/2025,LF,,y,n,y,n,,
5/15/2024,A,GX079719,0:59,149,0,0,0,y,n,n,n,n,1/23/2025,LF,,n,n,y,n,,
5/15/2024,A,GX079719,1:21,150,0,0,0,y,n,n,n,n,1/23/2025,LF,,n,n,y,n,,
5/15/2024,A,GX079719,1:41,151,0,1,0,n,n,y,n,n,1/23/2025,LF,,y,y,y,y,,
5/15/2024,A,GX079719,2:44,154,0,1,0,n,n,n,n,n,1/23/2025,LF,really small juvinile ,y,n,y,n,,
5/15/2024,A,GX079719,3:06,155,0,1,0,n,n,n,n,n,1/23/2025,LF,,y,n,y,n,,
5/15/2024,A,GX079719,3:27,156,0,0,0,y,n,n,n,n,1/23/2025,LF,,n,n,y,n,,
5/15/2024,A,GX079719,3:48,157,0,0,0,y,n,n,n,n,1/23/2025,LF,,n,n,y,n,,
5/15/2024,A,GX079719,7:18,167,0,0,2,n,n,n,n,n,1/23/2025,LF,,y,n,y,n,,
5/15/2024,A,GX079719,8:00,169,0,0,1,n,n,n,n,n,1/23/2025,LF,,y,n,y,n,,
5/15/2024,A,GX079719,8:21,170,0,0,1,n,n,n,n,n,1/23/2025,LF,,y,n,y,n,,
5/15/2024,A,GX089719,0:09,171,0,0,1,n,n,n,n,n,1/23/2025,LF,goatfish,y,n,y,n,,
5/15/2024,A,GX089719,0:30,172,0,0,1,n,n,n,n,n,1/23/2025,LF,,y,n,y,n,,
5/15/2024,A,GX089719,0:51,173,0,0,1,n,n,n,n,n,1/23/2025,LF,,y,n,y,n,,
5/15/2024,A,GX089719,1:12,174,0,0,1,n,n,n,n,n,1/23/2025,LF,,y,n,y,n,,
5/15/2024,A,GX089719,3:39,181,0,1,0,y,n,n,n,n,1/29/2025,LF,,y,n,y,n,,
5/15/2024,A,GX089719,3:59,182,0,0,0,y,n,n,n,n,1/29/2025,LF,,n,n,y,n,,
5/15/2024,A,GX089719,4:41,184,0,0,1,n,n,n,n,n,1/29/2025,LF,,y,n,y,n,,
5/15/2024,A,GX089719,6:06,188,0,1,0,y,n,n,n,n,1/29/2025,LF,,y,n,y,n,,
5/15/2024,A,GX089719,6:26,189,0,1,0,n,n,n,n,n,1/29/2025,LF,,y,n,y,n,,
5/15/2024,A,GX089719,6:48,190,0,0,0,y,n,n,n,n,1/29/2025,LF,,n,n,y,n,,
5/15/2024,A,GX089719,7:09,191,0,0,0,y,n,n,n,n,1/29/2025,LF,,n,n,y,n,,
5/15/2024,A,GX089719,7:30,192,0,0,2,n,n,n,y,n,1/29/2025,LF,,y,y,y,y,,
5/15/2024,A,GX099719,0:21,195,0,0,0,y,n,n,n,n,1/30/2025,LF,,n,n,y,n,,
5/15/2024,A,GX099719,0:42,196,0,0,0,y,n,n,n,n,1/30/2025,LF,,n,n,y,n,,
5/15/2024,A,GX099719,1:03,197,0,0,0,y,n,n,n,n,1/30/2025,LF,,n,n,y,n,,
5/15/2024,A,GX099719,1:24,198,0,0,0,y,n,n,n,n,1/30/2025,LF,,n,n,y,n,,
5/15/2024,A,GX099719,1:45,199,0,0,0,y,n,n,n,y,1/30/2025,LF,"chromis didnt respond in previous 2 presentations, interesting for analysis",n,n,y,y,,
5/15/2024,A,GX099719,3:09,203,0,0,0,y,n,n,n,n,1/30/2025,LF,kinda hard to tell if chromis are in arena ,n,n,y,n,,
5/15/2024,A,GX099719,3:30,204,0,0,0,y,n,n,n,n,1/30/2025,LF,,n,n,y,n,,
5/15/2024,A,GX099719,3:51,205,0,0,0,y,n,n,n,y,1/30/2025,LF,"Yellowtail damsel response, parrotfish flight to something else in right coral, a lot going on lol  ",n,n,y,y,,
5/15/2024,A,GX099719,4:12,206,0,1,0,n,n,n,n,n,1/30/2025,LF,,y,n,y,n,,
5/15/2024,A,GX099719,4:54,208,0,1,0,n,n,n,n,n,1/30/2025,LF,,y,n,y,n,,
5/15/2024,A,GX099719,5:36,210,0,1,0,y,n,n,n,n,1/30/2025,LF,,y,n,y,n,,
5/15/2024,A,GX099719,5:57,211,0,0,1,n,n,n,n,n,1/30/2025,LF,hard to see if surgeon in frame,y,n,y,n,,
5/15/2024,A,GX099719,6:18,212,0,0,1,y,n,n,n,n,1/30/2025,LF,,y,n,y,n,,
5/15/2024,A,GX099719,6:39,213,0,0,0,y,n,n,n,n,1/30/2025,LF,,n,n,y,n,,
5/15/2024,A,GX099719,7:21,215,0,0,0,y,n,n,n,n,1/30/2025,LF,,n,n,y,n,,
5/15/2024,A,GX099719,7:42,216,0,0,0,y,n,n,n,n,1/30/2025,LF,,n,n,y,n,,
5/15/2024,A,GX109719,0:33,220,0,0,0,y,n,n,n,n,1/31/2025,LF,,n,n,y,n,,
5/15/2024,A,GX109719,0:53,221,0,0,0,y,n,n,n,n,1/31/2025,LF,,n,n,y,n,,
5/15/2024,A,GX109719,1:14,222,0,0,0,y,n,n,n,n,1/31/2025,LF,,n,n,y,n,,
05/02/2024,A,GH028707,0:11,1,0,0,0,y,n,n,n,n,12/12/2024,KL,,n,n,y,n,,
#N/A,#N/A,#N/A,#N/A,#N/A,#N/A,#N/A,#N/A,#N/A,#N/A,#N/A,#N/A,#N/A,#N/A,#N/A,#N/A,#N/A,#N/A,#N/A,,,